Workbook

Sheet Sheet1
A1: kbli1 | B1: kbli5 | C1: judul | D1: contoh_usaha | E1: kata_kunci | F1: kategori | G1: digital_hijau | H1: ciri_usaha | I1: proses | J1: bahan_baku | K1: output
A2: A | B2: '01111 | C2: PERTANIAN JAGUNG | D2: #N/A | E2: #N/A | F2: #N/A | G2: #N/A | H2: #N/A | I2: #N/A | J2: #N/A | K2: #N/A
A3: A | B3: '01112 | C3: PERTANIAN SEREALIA SELAIN PADI DAN JAGUNG | D3: #N/A | E3: #N/A | F3: #N/A | G3: #N/A | H3: #N/A | I3: #N/A | J3: #N/A | K3: #N/A
A4: A | B4: '01113 | C4: PERTANIAN KEDELAI | D4: #N/A | E4: #N/A | F4: #N/A | G4: #N/A | H4: #N/A | I4: #N/A | J4: #N/A | K4: #N/A
A5: A | B5: '01114 | C5: PERTANIAN KACANG TANAH | D5: #N/A | E5: #N/A | F5: #N/A | G5: #N/A | H5: #N/A | I5: #N/A | J5: #N/A | K5: #N/A
A6: A | B6: '01115 | C6: PERTANIAN KACANG HIJAU | D6: #N/A | E6: #N/A | F6: #N/A | G6: #N/A | H6: #N/A | I6: #N/A | J6: #N/A | K6: #N/A
A7: A | B7: '01116 | C7: PERTANIAN ANEKA KACANG SELAIN KEDELAI, KACANG TANAH, DAN | D7: #N/A | E7: #N/A | F7: #N/A | G7: #N/A | H7: #N/A | I7: #N/A | J7: #N/A | K7: #N/A
A8: A | B8: '01117 | C8: PERTANIAN BIJI-BIJIAN PENGHASIL MINYAK MAKAN | D8: #N/A | E8: #N/A | F8: #N/A | G8: #N/A | H8: #N/A | I8: #N/A | J8: #N/A | K8: #N/A
A9: A | B9: '01118 | C9: PERTANIAN BIJI-BIJIAN PENGHASIL MINYAK SELAIN MINYAK MAKAN | D9: #N/A | E9: #N/A | F9: #N/A | G9: #N/A | H9: #N/A | I9: #N/A | J9: #N/A | K9: #N/A
A10: A | B10: '01121 | C10: PERTANIAN PADI HIBRIDA | D10: #N/A | E10: #N/A | F10: #N/A | G10: #N/A | H10: #N/A | I10: #N/A | J10: #N/A | K10: #N/A
A11: A | B11: '01122 | C11: PERTANIAN PADI INBRIDA | D11: #N/A | E11: #N/A | F11: #N/A | G11: #N/A | H11: #N/A | I11: #N/A | J11: #N/A | K11: #N/A
A12: A | B12: '01131 | C12: PERTANIAN SAYURAN DAUN | D12: #N/A | E12: #N/A | F12: #N/A | G12: #N/A | H12: #N/A | I12: #N/A | J12: #N/A | K12: #N/A
A13: A | B13: '01132 | C13: PERTANIAN BUAH SEMUSIM | D13: #N/A | E13: #N/A | F13: #N/A | G13: #N/A | H13: #N/A | I13: #N/A | J13: #N/A | K13: #N/A
... A126: B | B126: '05200 | C126: PERTAMBANGAN LIGNIT | D126: #N/A | E126: #N/A | F126: #N/A | G126: #N/A | H126: #N/A | I126: #N/A | J126: #N/A | K126: #N/A
A127: B | B127: '06100 | C127: PERTAMBANGAN MINYAK BUMI | D127: #N/A | E127: #N/A | F127: #N/A | G127: Ekonomi Hijau; | H127: #N/A | I127: #N/A | J127: #N/A | K127: #N/A
A128: B | B128: '06201 | C128: PERTAMBANGAN GAS ALAM | D128: #N/A | E128: #N/A | F128: #N/A | G128: Ekonomi Hijau; | H128: #N/A | I128: #N/A | J128: #N/A | K128: #N/A
A129: B | B129: '06202 | C129: PENGUSAHAAN TENAGA PANAS BUMI | D129: #N/A | E129: #N/A | F129: #N/A | G129: Ekonomi Hijau; | H129: #N/A | I129: #N/A | J129: #N/A | K129: #N/A
A130: B | B130: '07101 | C130: PERTAMBANGAN PASIR BESI | D130: #N/A | E130: #N/A | F130: #N/A | G130: Ekonomi Hijau; | H130: #N/A | I130: #N/A | J130: #N/A | K130: #N/A
A131: B | B131: '07102 | C131: PERTAMBANGAN BIJIH BESI | D131: #N/A | E131: #N/A | F131: #N/A | G131: Ekonomi Hijau; | H131: #N/A | I131: #N/A | J131: #N/A | K131: #N/A
A132: B | B132: '07210 | C132: PERTAMBANGAN BIJIH URANIUM DAN TORIUM | D132: #N/A | E132: #N/A | F132: #N/A | G132: Ekonomi Hijau; | H132: #N/A | I132: #N/A | J132: #N/A | K132: #N/A
A133: B | B133: '07221 | C133: PERTAMBANGAN EMAS DAN PERAK | D133: #N/A | E133: #N/A | F133: #N/A | G133: Ekonomi Hijau; | H133: #N/A | I133: #N/A | J133: #N/A | K133: #N/A
A134: B | B134: '07229 | C134: PERTAMBANGAN BIJIH LOGAM MULIA LAINNYA | D134: #N/A | E134: #N/A | F134: #N/A | G134: Ekonomi Hijau; | H134: #N/A | I134: #N/A | J134: #N/A | K134: #N/A
A135: B | B135: '07291 | C135: PERTAMBANGAN BIJIH TIMAH | D135: #N/A | E135: #N/A | F135: #N/A | G135: Ekonomi Hijau; | H135: #N/A | I135: #N/A | J135: #N/A | K135: #N/A
A136: B | B136: '07292 | C136: PERTAMBANGAN BIJIH TIMAH HITAM | D136: #N/A | E136: #N/A | F136: #N/A | G136: Ekonomi Hijau; | H136: #N/A | I136: #N/A | J136: #N/A | K136: #N/A
A137: B | B137: '07293 | C137: PERTAMBANGAN BIJIH BAUKSIT | D137: #N/A | E137: #N/A | F137: #N/A | G137: Ekonomi Hijau; | H137: #N/A | I137: #N/A | J137: #N/A | K137: #N/A
A138: B | B138: '07294 | C138: PERTAMBANGAN BIJIH TEMBAGA | D138: #N/A | E138: #N/A | F138: #N/A | G138: Ekonomi Hijau; | H138: #N/A | I138: #N/A | J138: #N/A | K138: #N/A
A139: B | B139: '07295 | C139: PERTAMBANGAN BIJIH NIKEL | D139: #N/A | E139: #N/A | F139: #N/A | G139: Ekonomi Hijau; | H139: #N/A | I139: #N/A | J139: #N/A | K139: #N/A
A140: B | B140: '07296 | C140: PERTAMBANGAN BIJIH MANGAN | D140: #N/A | E140: #N/A | F140: #N/A | G140: #N/A | H140: #N/A | I140: #N/A | J140: #N/A | K140: #N/A
A141: B | B141: '07299 | C141: PERTAMBANGAN BAHAN GALIAN LAINNYA YANG TIDAK MENGANDUNG | D141: #N/A | E141: #N/A | F141: #N/A | G141: #N/A | H141: #N/A | I141: #N/A | J141: #N/A | K141: #N/A
A142: B | B142: '08101 | C142: PENGGALIAN BATU HIAS DAN BATU BANGUNAN | D142: #N/A | E142: #N/A | F142: #N/A | G142: #N/A | H142: #N/A | I142: #N/A | J142: #N/A | K142: #N/A
A143: B | B143: '08102 | C143: PENGGALIAN BATU KAPUR/GAMPING | D143: #N/A | E143: #N/A | F143: #N/A | G143: #N/A | H143: #N/A | I143: #N/A | J143: #N/A | K143: #N/A
A144: B | B144: '08103 | C144: PENGGALIAN KERIKIL/SIRTU | D144: #N/A | E144: #N/A | F144: #N/A | G144: #N/A | H144: #N/A | I144: #N/A | J144: #N/A | K144: #N/A
A145: B | B145: '08104 | C145: PENGGALIAN PASIR | D145: #N/A | E145: #N/A | F145: #N/A | G145: #N/A | H145: #N/A | I145: #N/A | J145: #N/A | K145: #N/A
A146: B | B146: '08105 | C146: PENGGALIAN TANAH DAN TANAH LIAT | D146: #N/A | E146: #N/A | F146: #N/A | G146: #N/A | H146: #N/A | I146: #N/A | J146: #N/A | K146: #N/A
A147: B | B147: '08106 | C147: PENGGALIAN GIPS | D147: #N/A | E147: #N/A | F147: #N/A | G147: #N/A | H147: #N/A | I147: #N/A | J147: #N/A | K147: #N/A
A148: B | B148: '08107 | C148: PENGGALIAN TRAS | D148: #N/A | E148: #N/A | F148: #N/A | G148: #N/A | H148: #N/A | I148: #N/A | J148: #N/A | K148: #N/A
A149: B | B149: '08108 | C149: PENGGALIAN BATU APUNG | D149: #N/A | E149: #N/A | F149: #N/A | G149: #N/A | H149: #N/A | I149: #N/A | J149: #N/A | K149: #N/A
A150: B | B150: '08109 | C150: PENGGALIAN BATU, PASIR, DAN TANAH LIAT LAINNYA | D150: #N/A | E150: #N/A | F150: #N/A | G150: #N/A | H150: #N/A | I150: #N/A | J150: #N/A | K150: #N/A
A151: B | B151: '08911 | C151: PERTAMBANGAN BELERANG | D151: #N/A | E151: #N/A | F151: #N/A | G151: #N/A | H151: #N/A | I151: #N/A | J151: #N/A | K151: #N/A
... A167: B | B167: '09900 | C167: AKTIVITAS PENUNJANG PERTAMBANGAN DAN PENGGALIAN LAINNYA | D167: #N/A | E167: #N/A | F167: #N/A | G167: #N/A | H167: #N/A | I167: #N/A | J167: #N/A | K167: #N/A
A168: C | B168: 10111 | C168: KEGIATAN RUMAH POTONG HEWAN RUMINANSIA | D168: #N/A | E168: #N/A | F168: #N/A | G168: #N/A | H168: #N/A | I168: #N/A | J168: #N/A | K168: #N/A
A169: C | B169: 10112 | C169: KEGIATAN RUMAH POTONG BABI | D169: #N/A | E169: #N/A | F169: #N/A | G169: #N/A | H169: #N/A | I169: #N/A | J169: #N/A | K169: #N/A
A170: C | B170: 10113 | C170: KEGIATAN RUMAH POTONG UNGGAS | D170: #N/A | E170: #N/A | F170: #N/A | G170: #N/A | H170: #N/A | I170: #N/A | J170: #N/A | K170: #N/A
A171: C | B171: 10119 | C171: KEGIATAN RUMAH POTONG HEWAN LAINNYA | D171: #N/A | E171: #N/A | F171: #N/A | G171: #N/A | H171: #N/A | I171: #N/A | J171: #N/A | K171: #N/A
A172: C | B172: 10120 | C172: PENGOLAHAN DAN PENGAWETAN DAGING DAN PRODUK DAGING | D172: #N/A | E172: #N/A | F172: #N/A | G172: #N/A | H172: #N/A | I172: #N/A | J172: #N/A | K172: #N/A
A173: C | B173: 10211 | C173: PENGOLAHAN DAN PENGAWETAN IKAN DENGAN PENGGARAMAN ATAU | D173: #N/A | E173: #N/A | F173: #N/A | G173: #N/A | H173: #N/A | I173: #N/A | J173: #N/A | K173: #N/A
A174: C | B174: 10212 | C174: PENGOLAHAN DAN PENGAWETAN IKAN DENGAN PENGASAPAN ATAU | D174: #N/A | E174: #N/A | F174: #N/A | G174: #N/A | H174: #N/A | I174: #N/A | J174: #N/A | K174: #N/A
A175: C | B175: 10213 | C175: PENGOLAHAN DAN PENGAWETAN IKAN DENGAN PEMBEKUAN | D175: #N/A | E175: #N/A | F175: #N/A | G175: #N/A | H175: #N/A | I175: #N/A | J175: #N/A | K175: #N/A
A176: C | B176: 10214 | C176: PENGOLAHAN DAN PENGAWETAN IKAN DENGAN PEMINDANGAN | D176: #N/A | E176: #N/A | F176: #N/A | G176: #N/A | H176: #N/A | I176: #N/A | J176: #N/A | K176: #N/A
A177: C | B177: 10215 | C177: PENGOLAHAN DAN PENGAWETAN IKAN DENGAN FERMENTASI | D177: #N/A | E177: #N/A | F177: #N/A | G177: #N/A | H177: #N/A | I177: #N/A | J177: #N/A | K177: #N/A
A178: C | B178: 10216 | C178: PENGOLAHAN DAN PENGAWETAN IKAN DENGAN PELUMATAN | D178: #N/A | E178: #N/A | F178: #N/A | G178: #N/A | H178: #N/A | I178: #N/A | J178: #N/A | K178: #N/A
A179: C | B179: 10217 | C179: PENGOLAHAN DAN PENGAWETAN IKAN DENGAN PENGALENGAN | D179: #N/A | E179: #N/A | F179: #N/A | G179: #N/A | H179: #N/A | I179: #N/A | J179: #N/A | K179: #N/A
... A397: C | B397: 20296 | C397: INDUSTRI MINYAK ASIRI RANTAI TENGAH | D397: #N/A | E397: #N/A | F397: #N/A | G397: #N/A | H397: #N/A | I397: #N/A | J397: #N/A | K397: #N/A
A398: C | B398: 20297 | C398: INDUSTRI BIOFUEL CAIR | D398: #N/A | E398: #N/A | F398: #N/A | G398: Ekonomi Hijau; | H398: #N/A | I398: #N/A | J398: #N/A | K398: #N/A
A399: C | B399: 20298 | C399: INDUSTRI CAIRAN ROKOK ELEKTRIK | D399: #N/A | E399: #N/A | F399: #N/A | G399: #N/A | H399: #N/A | I399: #N/A | J399: #N/A | K399: #N/A
A400: C | B400: 20299 | C400: INDUSTRI BARANG KIMIA LAINNYA YTDL | D400: #N/A | E400: #N/A | F400: #N/A | G400: Ekonomi Hijau; | H400: #N/A | I400: #N/A | J400: #N/A | K400: #N/A
A401: C | B401: 20301 | C401: INDUSTRI SERAT FILAMEN DAN STRIP BUATAN | D401: #N/A | E401: #N/A | F401: #N/A | G401: #N/A | H401: #N/A | I401: #N/A | J401: #N/A | K401: #N/A
A402: C | B402: 20302 | C402: INDUSTRI SERAT STAPEL BUATAN | D402: #N/A | E402: #N/A | F402: #N/A | G402: #N/A | H402: #N/A | I402: #N/A | J402: #N/A | K402: #N/A
A403: C | B403: 21011 | C403: INDUSTRI BAHAN BAKU FARMASI UNTUK MANUSIA | D403: #N/A | E403: #N/A | F403: #N/A | G403: #N/A | H403: #N/A | I403: #N/A | J403: #N/A | K403: #N/A
A404: C | B404: 21012 | C404: INDUSTRI PRODUK FARMASI UNTUK MANUSIA | D404: #N/A | E404: #N/A | F404: #N/A | G404: #N/A | H404: #N/A | I404: #N/A | J404: #N/A | K404: #N/A
A405: C | B405: 21013 | C405: INDUSTRI PRODUK FARMASI UNTUK HEWAN | D405: #N/A | E405: #N/A | F405: #N/A | G405: #N/A | H405: #N/A | I405: #N/A | J405: #N/A | K405: #N/A
A406: C | B406: 21014 | C406: INDUSTRI BAHAN BAKU FARMASI UNTUK HEWAN | D406: #N/A | E406: #N/A | F406: #N/A | G406: #N/A | H406: #N/A | I406: #N/A | J406: #N/A | K406: #N/A
A407: C | B407: 21015 | C407: INDUSTRI ALAT DIAGNOSIS MEDIS, PERBAN, KASA, DAN PENUNJANG | D407: #N/A | E407: #N/A | F407: #N/A | G407: #N/A | H407: #N/A | I407: #N/A | J407: #N/A | K407: #N/A
A408: C | B408: 21021 | C408: INDUSTRI BAHAN BAKU OBAT BAHAN ALAM UNTUK MANUSIA | D408: #N/A | E408: #N/A | F408: #N/A | G408: #N/A | H408: #N/A | I408: #N/A | J408: #N/A | K408: #N/A
A409: C | B409: 21022 | C409: INDUSTRI PRODUK OBAT BAHAN ALAM UNTUK MANUSIA | D409: #N/A | E409: #N/A | F409: #N/A | G409: #N/A | H409: #N/A | I409: #N/A | J409: #N/A | K409: #N/A
A410: C | B410: 21023 | C410: INDUSTRI PRODUK OBAT BAHAN ALAM UNTUK HEWAN | D410: #N/A | E410: #N/A | F410: #N/A | G410: #N/A | H410: #N/A | I410: #N/A | J410: #N/A | K410: #N/A
A411: C | B411: 21024 | C411: INDUSTRI BAHAN BAKU OBAT BAHAN ALAM UNTUK HEWAN | D411: #N/A | E411: #N/A | F411: #N/A | G411: #N/A | H411: #N/A | I411: #N/A | J411: #N/A | K411: #N/A
A412: C | B412: 22111 | C412: INDUSTRI BAN LUAR DAN BAN DALAM | D412: #N/A | E412: #N/A | F412: #N/A | G412: #N/A | H412: #N/A | I412: #N/A | J412: #N/A | K412: #N/A
... A422: C | B422: 22199 | C422: INDUSTRI BARANG LAINNYA DARI KARET YTDL | D422: #N/A | E422: #N/A | F422: #N/A | G422: #N/A | H422: #N/A | I422: #N/A | J422: #N/A | K422: #N/A
A423: C | B423: 22201 | C423: INDUSTRI BARANG DARI PLASTIK UNTUK BANGUNAN | D423: #N/A | E423: #N/A | F423: #N/A | G423: Ekonomi Hijau; | H423: #N/A | I423: #N/A | J423: #N/A | K423: #N/A
A424: C | B424: 22202 | C424: INDUSTRI BARANG DARI PLASTIK DAN BIOPLASTIK UNTUK | D424: #N/A | E424: #N/A | F424: #N/A | G424: #N/A | H424: #N/A | I424: #N/A | J424: #N/A | K424: #N/A
A425: C | B425: 22203 | C425: INDUSTRI PIPA PLASTIK DAN PERLENGKAPANNYA | D425: #N/A | E425: #N/A | F425: #N/A | G425: #N/A | H425: #N/A | I425: #N/A | J425: #N/A | K425: #N/A
A426: C | B426: 22204 | C426: INDUSTRI PLASTIK LEMBARAN | D426: #N/A | E426: #N/A | F426: #N/A | G426: #N/A | H426: #N/A | I426: #N/A | J426: #N/A | K426: #N/A
A427: C | B427: 22205 | C427: INDUSTRI PERLENGKAPAN DAN PERALATAN RUMAH TANGGA DARI | D427: #N/A | E427: #N/A | F427: #N/A | G427: #N/A | H427: #N/A | I427: #N/A | J427: #N/A | K427: #N/A
A428: C | B428: 22206 | C428: INDUSTRI BARANG DAN PERALATAN TEKNIK/INDUSTRI DARI PLASTIK | D428: #N/A | E428: #N/A | F428: #N/A | G428: #N/A | H428: #N/A | I428: #N/A | J428: #N/A | K428: #N/A
A429: C | B429: 22209 | C429: INDUSTRI BARANG LAINNYA DARI PLASTIK | D429: #N/A | E429: #N/A | F429: #N/A | G429: #N/A | H429: #N/A | I429: #N/A | J429: #N/A | K429: #N/A
A430: C | B430: 23111 | C430: INDUSTRI KACA LEMBARAN | D430: #N/A | E430: #N/A | F430: #N/A | G430: #N/A | H430: #N/A | I430: #N/A | J430: #N/A | K430: #N/A
A431: C | B431: 23112 | C431: INDUSTRI KACA PENGAMAN | D431: #N/A | E431: #N/A | F431: #N/A | G431: #N/A | H431: #N/A | I431: #N/A | J431: #N/A | K431: #N/A
A432: C | B432: 23119 | C432: INDUSTRI KACA LAINNYA | D432: #N/A | E432: #N/A | F432: #N/A | G432: #N/A | H432: #N/A | I432: #N/A | J432: #N/A | K432: #N/A
A433: C | B433: 23121 | C433: INDUSTRI PERLENGKAPAN DAN PERALATAN RUMAH TANGGA DARI KACA | D433: #N/A | E433: #N/A | F433: #N/A | G433: #N/A | H433: #N/A | I433: #N/A | J433: #N/A | K433: #N/A
A434: C | B434: 23122 | C434: INDUSTRI PERALATAN LABORATORIUM DAN KESEHATAN DARI KACA | D434: #N/A | E434: #N/A | F434: #N/A | G434: #N/A | H434: #N/A | I434: #N/A | J434: #N/A | K434: #N/A
A435: C | B435: 23129 | C435: INDUSTRI PRODUK LAINNYA DARI KACA | D435: #N/A | E435: #N/A | F435: #N/A | G435: #N/A | H435: #N/A | I435: #N/A | J435: #N/A | K435: #N/A
... A469: C | B469: 24205 | C469: INDUSTRI PIPA DAN SAMBUNGAN PIPA DARI LOGAM BUKAN BESI DAN | D469: #N/A | E469: #N/A | F469: #N/A | G469: #N/A | H469: #N/A | I469: #N/A | J469: #N/A | K469: #N/A
A470: C | B470: 24206 | C470: INDUSTRI BAHAN BAKAR NUKLIR | D470: #N/A | E470: #N/A | F470: Sangat Jarang Ditemukan | G470: #N/A | H470: #N/A | I470: #N/A | J470: #N/A | K470: #N/A
A471: C | B471: 24310 | C471: PENGECORAN BESI DAN BAJA | D471: #N/A | E471: #N/A | F471: #N/A | G471: #N/A | H471: #N/A | I471: #N/A | J471: #N/A | K471: #N/A
A472: C | B472: 24320 | C472: PENGECORAN LOGAM BUKAN BESI DAN BAJA | D472: #N/A | E472: #N/A | F472: #N/A | G472: #N/A | H472: #N/A | I472: #N/A | J472: #N/A | K472: #N/A
A473: C | B473: 25111 | C473: INDUSTRI PRODUK LOGAM STRUKTURAL BUKAN ALUMINIUM UNTUK | D473: #N/A | E473: #N/A | F473: #N/A | G473: #N/A | H473: #N/A | I473: #N/A | J473: #N/A | K473: #N/A
A474: C | B474: 25112 | C474: INDUSTRI PRODUK LOGAM STRUKTURAL ALUMINIUM UNTUK | D474: #N/A | E474: #N/A | F474: #N/A | G474: #N/A | H474: #N/A | I474: #N/A | J474: #N/A | K474: #N/A
A475: C | B475: 25113 | C475: INDUSTRI PRODUK LOGAM STRUKTURAL BAJA UNTUK KONSTRUKSI | D475: #N/A | E475: #N/A | F475: #N/A | G475: #N/A | H475: #N/A | I475: #N/A | J475: #N/A | K475: #N/A
A476: C | B476: 25119 | C476: INDUSTRI PRODUK LOGAM STRUKTURAL LAINNYA | D476: #N/A | E476: #N/A | F476: #N/A | G476: #N/A | H476: #N/A | I476: #N/A | J476: #N/A | K476: #N/A
A477: C | B477: 25120 | C477: INDUSTRI TANGKI, TANDON AIR, DAN WADAH SEJENISNYA DARI LOGAM | D477: #N/A | E477: #N/A | F477: #N/A | G477: Ekonomi Hijau; | H477: #N/A | I477: #N/A | J477: #N/A | K477: #N/A
A478: C | B478: 25130 | C478: INDUSTRI GENERATOR UAP BUKAN KETEL PEMANAS | D478: #N/A | E478: #N/A | F478: #N/A | G478: #N/A | H478: #N/A | I478: #N/A | J478: #N/A | K478: #N/A
A479: C | B479: 25200 | C479: INDUSTRI SENJATA DAN AMUNISI | D479: #N/A | E479: #N/A | F479: #N/A | G479: #N/A | H479: #N/A | I479: #N/A | J479: #N/A | K479: #N/A
A480: C | B480: 25910 | C480: PENEMPAAN, PENGEPRESAN, PENCETAKAN, DAN PEMBENTUKAN LOGAM; | D480: #N/A | E480: #N/A | F480: #N/A | G480: #N/A | H480: #N/A | I480: #N/A | J480: #N/A | K480: #N/A
A481: C | B481: 25920 | C481: PENGERJAAN DAN PELAPISAN LOGAM | D481: #N/A | E481: #N/A | F481: #N/A | G481: #N/A | H481: #N/A | I481: #N/A | J481: #N/A | K481: #N/A
A482: C | B482: 25931 | C482: INDUSTRI PERKAKAS TANGAN | D482: #N/A | E482: #N/A | F482: #N/A | G482: #N/A | H482: #N/A | I482: #N/A | J482: #N/A | K482: #N/A
A483: C | B483: 25932 | C483: INDUSTRI ALAT POTONG | D483: #N/A | E483: #N/A | F483: #N/A | G483: #N/A | H483: #N/A | I483: #N/A | J483: #N/A | K483: #N/A
A484: C | B484: 25933 | C484: INDUSTRI ALAT MAKAN DARI LOGAM | D484: #N/A | E484: #N/A | F484: #N/A | G484: #N/A | H484: #N/A | I484: #N/A | J484: #N/A | K484: #N/A
A485: C | B485: 25934 | C485: INDUSTRI PERALATAN UMUM | D485: #N/A | E485: #N/A | F485: #N/A | G485: #N/A | H485: #N/A | I485: #N/A | J485: #N/A | K485: #N/A
A486: C | B486: 25940 | C486: INDUSTRI EMBER, KALENG, DRUM DAN WADAH SEJENISNYA DARI | D486: #N/A | E486: #N/A | F486: #N/A | G486: #N/A | H486: #N/A | I486: #N/A | J486: #N/A | K486: #N/A
...

Sheet master
A1: kbli5 | B1: judul | C1: kbli1 | D1: DIGITAL (INDUSTRY) | E1: GREEN (ECONOMY)
A2: '01111 | B2: PERTANIAN JAGUNG | C2: A
A3: '01112 | B3: PERTANIAN SEREALIA SELAIN PADI DAN JAGUNG | C3: A
A4: '01113 | B4: PERTANIAN KEDELAI | C4: A
A5: '01114 | B5: PERTANIAN KACANG TANAH | C5: A
A6: '01115 | B6: PERTANIAN KACANG HIJAU | C6: A
A7: '01116 | B7: PERTANIAN ANEKA KACANG SELAIN KEDELAI, KACANG TANAH, DAN | C7: A
A8: '01117 | B8: PERTANIAN BIJI-BIJIAN PENGHASIL MINYAK MAKAN | C8: A
A9: '01118 | B9: PERTANIAN BIJI-BIJIAN PENGHASIL MINYAK SELAIN MINYAK MAKAN | C9: A
A10: '01121 | B10: PERTANIAN PADI HIBRIDA | C10: A
A11: '01122 | B11: PERTANIAN PADI INBRIDA | C11: A
A12: '01131 | B12: PERTANIAN SAYURAN DAUN | C12: A
A13: '01132 | B13: PERTANIAN BUAH SEMUSIM | C13: A
... A126: '05200 | B126: PERTAMBANGAN LIGNIT | C126: B
A127: '06100 | B127: PERTAMBANGAN MINYAK BUMI | C127: B | E127: Ekonomi Hijau;
A128: '06201 | B128: PERTAMBANGAN GAS ALAM | C128: B
A129: '06202 | B129: PENGUSAHAAN TENAGA PANAS BUMI | C129: B
A130: '07101 | B130: PERTAMBANGAN PASIR BESI | C130: B
A131: '07102 | B131: PERTAMBANGAN BIJIH BESI | C131: B
A132: '07210 | B132: PERTAMBANGAN BIJIH URANIUM DAN TORIUM | C132: B
A133: '07221 | B133: PERTAMBANGAN EMAS DAN PERAK | C133: B
A134: '07229 | B134: PERTAMBANGAN BIJIH LOGAM MULIA LAINNYA | C134: B
A135: '07291 | B135: PERTAMBANGAN BIJIH TIMAH | C135: B
A136: '07292 | B136: PERTAMBANGAN BIJIH TIMAH HITAM | C136: B
A137: '07293 | B137: PERTAMBANGAN BIJIH BAUKSIT | C137: B
A138: '07294 | B138: PERTAMBANGAN BIJIH TEMBAGA | C138: B
A139: '07295 | B139: PERTAMBANGAN BIJIH NIKEL | C139: B
... A167: '09900 | B167: AKTIVITAS PENUNJANG PERTAMBANGAN DAN PENGGALIAN LAINNYA | C167: B
A168: 10111 | B168: KEGIATAN RUMAH POTONG HEWAN RUMINANSIA | C168: C
A169: 10112 | B169: KEGIATAN RUMAH POTONG BABI | C169: C
A170: 10113 | B170: KEGIATAN RUMAH POTONG UNGGAS | C170: C
A171: 10119 | B171: KEGIATAN RUMAH POTONG HEWAN LAINNYA | C171: C
A172: 10120 | B172: PENGOLAHAN DAN PENGAWETAN DAGING DAN PRODUK DAGING | C172: C
A173: 10211 | B173: PENGOLAHAN DAN PENGAWETAN IKAN DENGAN PENGGARAMAN ATAU | C173: C
A174: 10212 | B174: PENGOLAHAN DAN PENGAWETAN IKAN DENGAN PENGASAPAN ATAU | C174: C
A175: 10213 | B175: PENGOLAHAN DAN PENGAWETAN IKAN DENGAN PEMBEKUAN | C175: C
A176: 10214 | B176: PENGOLAHAN DAN PENGAWETAN IKAN DENGAN PEMINDANGAN | C176: C
A177: 10215 | B177: PENGOLAHAN DAN PENGAWETAN IKAN DENGAN FERMENTASI | C177: C
A178: 10216 | B178: PENGOLAHAN DAN PENGAWETAN IKAN DENGAN PELUMATAN | C178: C
A179: 10217 | B179: PENGOLAHAN DAN PENGAWETAN IKAN DENGAN PENGALENGAN | C179: C
... A397: 20296 | B397: INDUSTRI MINYAK ASIRI RANTAI TENGAH | C397: C
A398: 20297 | B398: INDUSTRI BIOFUEL CAIR | C398: C | E398: Ekonomi Hijau;
A399: 20298 | B399: INDUSTRI CAIRAN ROKOK ELEKTRIK | C399: C
A400: 20299 | B400: INDUSTRI BARANG KIMIA LAINNYA YTDL | C400: C | E400: Ekonomi Hijau;
A401: 20301 | B401: INDUSTRI SERAT FILAMEN DAN STRIP BUATAN | C401: C
A402: 20302 | B402: INDUSTRI SERAT STAPEL BUATAN | C402: C
A403: 21011 | B403: INDUSTRI BAHAN BAKU FARMASI UNTUK MANUSIA | C403: C
A404: 21012 | B404: INDUSTRI PRODUK FARMASI UNTUK MANUSIA | C404: C
A405: 21013 | B405: INDUSTRI PRODUK FARMASI UNTUK HEWAN | C405: C
A406: 21014 | B406: INDUSTRI BAHAN BAKU FARMASI UNTUK HEWAN | C406: C
A407: 21015 | B407: INDUSTRI ALAT DIAGNOSIS MEDIS, PERBAN, KASA, DAN PENUNJANG | C407: C
A408: 21021 | B408: INDUSTRI BAHAN BAKU OBAT BAHAN ALAM UNTUK MANUSIA | C408: C
A409: 21022 | B409: INDUSTRI PRODUK OBAT BAHAN ALAM UNTUK MANUSIA | C409: C
A410: 21023 | B410: INDUSTRI PRODUK OBAT BAHAN ALAM UNTUK HEWAN | C410: C
A411: 21024 | B411: INDUSTRI BAHAN BAKU OBAT BAHAN ALAM UNTUK HEWAN | C411: C
A412: 22111 | B412: INDUSTRI BAN LUAR DAN BAN DALAM | C412: C
... A422: 22199 | B422: INDUSTRI BARANG LAINNYA DARI KARET YTDL | C422: C
A423: 22201 | B423: INDUSTRI BARANG DARI PLASTIK UNTUK BANGUNAN | C423: C | E423: Ekonomi Hijau;
A424: 22202 | B424: INDUSTRI BARANG DARI PLASTIK DAN BIOPLASTIK UNTUK | C424: C
A425: 22203 | B425: INDUSTRI PIPA PLASTIK DAN PERLENGKAPANNYA | C425: C
A426: 22204 | B426: INDUSTRI PLASTIK LEMBARAN | C426: C
A427: 22205 | B427: INDUSTRI PERLENGKAPAN DAN PERALATAN RUMAH TANGGA DARI | C427: C
A428: 22206 | B428: INDUSTRI BARANG DAN PERALATAN TEKNIK/INDUSTRI DARI PLASTIK | C428: C
A429: 22209 | B429: INDUSTRI BARANG LAINNYA DARI PLASTIK | C429: C
A430: 23111 | B430: INDUSTRI KACA LEMBARAN | C430: C
A431: 23112 | B431: INDUSTRI KACA PENGAMAN | C431: C
A432: 23119 | B432: INDUSTRI KACA LAINNYA | C432: C
A433: 23121 | B433: INDUSTRI PERLENGKAPAN DAN PERALATAN RUMAH TANGGA DARI KACA | C433: C
A434: 23122 | B434: INDUSTRI PERALATAN LABORATORIUM DAN KESEHATAN DARI KACA | C434: C
A435: 23129 | B435: INDUSTRI PRODUK LAINNYA DARI KACA | C435: C
... A476: 25119 | B476: INDUSTRI PRODUK LOGAM STRUKTURAL LAINNYA | C476: C
A477: 25120 | B477: INDUSTRI TANGKI, TANDON AIR, DAN WADAH SEJENISNYA DARI LOGAM | C477: C | E477: Ekonomi Hijau;
A478: 25130 | B478: INDUSTRI GENERATOR UAP BUKAN KETEL PEMANAS | C478: C
A479: 25200 | B479: INDUSTRI SENJATA DAN AMUNISI | C479: C
A480: 25910 | B480: PENEMPAAN, PENGEPRESAN, PENCETAKAN, DAN PEMBENTUKAN LOGAM; | C480: C
A481: 25920 | B481: PENGERJAAN DAN PELAPISAN LOGAM | C481: C
A482: 25931 | B482: INDUSTRI PERKAKAS TANGAN | C482: C
A483: 25932 | B483: INDUSTRI ALAT POTONG | C483: C
A484: 25933 | B484: INDUSTRI ALAT MAKAN DARI LOGAM | C484: C
A485: 25934 | B485: INDUSTRI PERALATAN UMUM | C485: C
A486: 25940 | B486: INDUSTRI EMBER, KALENG, DRUM DAN WADAH SEJENISNYA DARI | C486: C
A487: 25951 | B487: INDUSTRI BARANG DARI KAWAT LOGAM BUKAN KABEL | C487: C
A488: 25952 | B488: INDUSTRI PAKU, MUR, DAN BAUT LOGAM | C488: C
A489: 25991 | B489: INDUSTRI BRANKAS, FILLING KANTOR, DAN SEJENISNYA | C489: C
... A494: 25999 | B494: INDUSTRI PRODUK LOGAM LAINNYA YTDL | C494: C
A495: 26110 | B495: INDUSTRI SEL SURYA, PANEL SURYA, DAN INVERTER FOTOVOLTAIK | C495: C | D495: Industri Digital;
A496: 26191 | B496: INDUSTRI TABUNG ELEKTRON DAN KONEKTOR ELEKTRONIK | C496: C | D496: Industri Digital;
A497: 26199 | B497: INDUSTRI KOMPONEN DAN PAPAN ELEKTRONIK LAINNYA YTDL | C497: C | D497: Industri Digital;
A498: 26210 | B498: INDUSTRI KOMPUTER DAN PERAKITAN KOMPUTER | C498: C | D498: Industri Digital;
A499: 26220 | B499: INDUSTRI PERLENGKAPAN KOMPUTER | C499: C | D499: Industri Digital;
A500: 26310 | B500: INDUSTRI PERALATAN TELEPON DAN FAKSIMILI | C500: C | D500: Industri Digital;
A501: 26320 | B501: INDUSTRI PERALATAN KOMUNIKASI TANPA KABEL (WIRELESS) | C501: C | D501: Industri Digital;
A502: 26391 | B502: INDUSTRI KARTU CERDAS (SMART CARD) | C502: C | D502: Industri Digital;
A503: 26399 | B503: INDUSTRI PERALATAN KOMUNIKASI LAINNYA | C503: C | D503: Industri Digital;
A504: 26410 | B504: INDUSTRI TELEVISI, MONITOR TELEVISI, DAN DISPLAI | C504: C | D504: Industri Digital;
A505: 26420 | B505: INDUSTRI PERALATAN PEREKAM, PENERIMA, DAN PENGGANDA AUDIO | C505: C | D505: Industri Digital;
A506: 26490 | B506: INDUSTRI PERALATAN AUDIO DAN VIDEO ELEKTRONIK LAINNYA | C506: C | D506: Industri Digital;
A507: 26511 | B507: INDUSTRI ALAT UKUR DAN ALAT UJI MANUAL | C507: C
A508: 26512 | B508: INDUSTRI ALAT UKUR DAN ALAT UJI ELEKTRIK | C508: C
A509: 26513 | B509: INDUSTRI ALAT UKUR DAN ALAT UJI ELEKTRONIK | C509: C | E509: Ekonomi Hijau;
...

Sheet rapikan_all
A1: kbli1 | B1: kbli5 | C1: judul | D1: contoh_usaha | E1: kata_kunci | F1: kategori | G1: digital_hijau | H1: ciri_usaha | I1: proses | J1: bahan_baku | K1: output
A2: A | B2: '01111 | C2: PERTANIAN JAGUNG | D2: =VLOOKUP(Table13[[#This Row],[kbli5]],Table1[[#All],[kbli5]:[digital_hijau]],3,) -> #N/A | E2: =VLOOKUP(Table13[[#This Row],[kbli5]],kata_kunci!$B:$H,4,FALSE) -> #N/A | F2: =VLOOKUP(Table13[[#This Row],[kbli5]],Table1[[#All],[kbli5]:[digital_hijau]],5,) -> #N/A | G2: =VLOOKUP(Table13[[#This Row],[kbli5]],Table1[[#All],[kbli5]:[digital_hijau]],6,) -> #N/A | H2: =VLOOKUP(Table13[[#This Row],[kbli5]],kata_kunci!$B:$H,3,FALSE) -> #N/A | I2: =VLOOKUP(Table13[[#This Row],[kbli5]],kata_kunci!$B:$H,5,FALSE) -> #N/A | J2: =VLOOKUP(Table13[[#This Row],[kbli5]],kata_kunci!$B:$H,6,FALSE) -> #N/A | K2: =VLOOKUP(Table13[[#This Row],[kbli5]],kata_kunci!$B:$H,7,FALSE) -> #N/A
A3: A | B3: '01112 | C3: PERTANIAN SEREALIA SELAIN PADI DAN JAGUNG | D3: =VLOOKUP(Table13[[#This Row],[kbli5]],Table1[[#All],[kbli5]:[digital_hijau]],3,) -> #N/A | E3: =VLOOKUP(Table13[[#This Row],[kbli5]],kata_kunci!$B:$H,4,FALSE) -> #N/A | F3: =VLOOKUP(Table13[[#This Row],[kbli5]],Table1[[#All],[kbli5]:[digital_hijau]],5,) -> #N/A | G3: =VLOOKUP(Table13[[#This Row],[kbli5]],Table1[[#All],[kbli5]:[digital_hijau]],6,) -> #N/A | H3: =VLOOKUP(Table13[[#This Row],[kbli5]],kata_kunci!$B:$H,3,FALSE) -> #N/A | I3: =VLOOKUP(Table13[[#This Row],[kbli5]],kata_kunci!$B:$H,5,FALSE) -> #N/A | J3: =VLOOKUP(Table13[[#This Row],[kbli5]],kata_kunci!$B:$H,6,FALSE) -> #N/A | K3: =VLOOKUP(Table13[[#This Row],[kbli5]],kata_kunci!$B:$H,7,FALSE) -> #N/A
A4: A | B4: '01113 | C4: PERTANIAN KEDELAI | D4: =VLOOKUP(Table13[[#This Row],[kbli5]],Table1[[#All],[kbli5]:[digital_hijau]],3,) -> #N/A | E4: =VLOOKUP(Table13[[#This Row],[kbli5]],kata_kunci!$B:$H,4,FALSE) -> #N/A | F4: =VLOOKUP(Table13[[#This Row],[kbli5]],Table1[[#All],[kbli5]:[digital_hijau]],5,) -> #N/A | G4: =VLOOKUP(Table13[[#This Row],[kbli5]],Table1[[#All],[kbli5]:[digital_hijau]],6,) -> #N/A | H4: =VLOOKUP(Table13[[#This Row],[kbli5]],kata_kunci!$B:$H,3,FALSE) -> #N/A | I4: =VLOOKUP(Table13[[#This Row],[kbli5]],kata_kunci!$B:$H,5,FALSE) -> #N/A | J4: =VLOOKUP(Table13[[#This Row],[kbli5]],kata_kunci!$B:$H,6,FALSE) -> #N/A | K4: =VLOOKUP(Table13[[#This Row],[kbli5]],kata_kunci!$B:$H,7,FALSE) -> #N/A
A5: A | B5: '01114 | C5: PERTANIAN KACANG TANAH | D5: =VLOOKUP(Table13[[#This Row],[kbli5]],Table1[[#All],[kbli5]:[digital_hijau]],3,) -> #N/A | E5: =VLOOKUP(Table13[[#This Row],[kbli5]],kata_kunci!$B:$H,4,FALSE) -> #N/A | F5: =VLOOKUP(Table13[[#This Row],[kbli5]],Table1[[#All],[kbli5]:[digital_hijau]],5,) -> #N/A | G5: =VLOOKUP(Table13[[#This Row],[kbli5]],Table1[[#All],[kbli5]:[digital_hijau]],6,) -> #N/A | H5: =VLOOKUP(Table13[[#This Row],[kbli5]],kata_kunci!$B:$H,3,FALSE) -> #N/A | I5: =VLOOKUP(Table13[[#This Row],[kbli5]],kata_kunci!$B:$H,5,FALSE) -> #N/A | J5: =VLOOKUP(Table13[[#This Row],[kbli5]],kata_kunci!$B:$H,6,FALSE) -> #N/A | K5: =VLOOKUP(Table13[[#This Row],[kbli5]],kata_kunci!$B:$H,7,FALSE) -> #N/A
A6: A | B6: '01115 | C6: PERTANIAN KACANG HIJAU | D6: =VLOOKUP(Table13[[#This Row],[kbli5]],Table1[[#All],[kbli5]:[digital_hijau]],3,) -> #N/A | E6: =VLOOKUP(Table13[[#This Row],[kbli5]],kata_kunci!$B:$H,4,FALSE) -> #N/A | F6: =VLOOKUP(Table13[[#This Row],[kbli5]],Table1[[#All],[kbli5]:[digital_hijau]],5,) -> #N/A | G6: =VLOOKUP(Table13[[#This Row],[kbli5]],Table1[[#All],[kbli5]:[digital_hijau]],6,) -> #N/A | H6: =VLOOKUP(Table13[[#This Row],[kbli5]],kata_kunci!$B:$H,3,FALSE) -> #N/A | I6: =VLOOKUP(Table13[[#This Row],[kbli5]],kata_kunci!$B:$H,5,FALSE) -> #N/A | J6: =VLOOKUP(Table13[[#This Row],[kbli5]],kata_kunci!$B:$H,6,FALSE) -> #N/A | K6: =VLOOKUP(Table13[[#This Row],[kbli5]],kata_kunci!$B:$H,7,FALSE) -> #N/A
A7: A | B7: '01116 | C7: PERTANIAN ANEKA KACANG SELAIN KEDELAI, KACANG TANAH, DAN | D7: =VLOOKUP(Table13[[#This Row],[kbli5]],Table1[[#All],[kbli5]:[digital_hijau]],3,) -> #N/A | E7: =VLOOKUP(Table13[[#This Row],[kbli5]],kata_kunci!$B:$H,4,FALSE) -> #N/A | F7: =VLOOKUP(Table13[[#This Row],[kbli5]],Table1[[#All],[kbli5]:[digital_hijau]],5,) -> #N/A | G7: =VLOOKUP(Table13[[#This Row],[kbli5]],Table1[[#All],[kbli5]:[digital_hijau]],6,) -> #N/A | H7: =VLOOKUP(Table13[[#This Row],[kbli5]],kata_kunci!$B:$H,3,FALSE) -> #N/A | I7: =VLOOKUP(Table13[[#This Row],[kbli5]],kata_kunci!$B:$H,5,FALSE) -> #N/A | J7: =VLOOKUP(Table13[[#This Row],[kbli5]],kata_kunci!$B:$H,6,FALSE) -> #N/A | K7: =VLOOKUP(Table13[[#This Row],[kbli5]],kata_kunci!$B:$H,7,FALSE) -> #N/A
A8: A | B8: '01117 | C8: PERTANIAN BIJI-BIJIAN PENGHASIL MINYAK MAKAN | D8: =VLOOKUP(Table13[[#This Row],[kbli5]],Table1[[#All],[kbli5]:[digital_hijau]],3,) -> #N/A | E8: =VLOOKUP(Table13[[#This Row],[kbli5]],kata_kunci!$B:$H,4,FALSE) -> #N/A | F8: =VLOOKUP(Table13[[#This Row],[kbli5]],Table1[[#All],[kbli5]:[digital_hijau]],5,) -> #N/A | G8: =VLOOKUP(Table13[[#This Row],[kbli5]],Table1[[#All],[kbli5]:[digital_hijau]],6,) -> #N/A | H8: =VLOOKUP(Table13[[#This Row],[kbli5]],kata_kunci!$B:$H,3,FALSE) -> #N/A | I8: =VLOOKUP(Table13[[#This Row],[kbli5]],kata_kunci!$B:$H,5,FALSE) -> #N/A | J8: =VLOOKUP(Table13[[#This Row],[kbli5]],kata_kunci!$B:$H,6,FALSE) -> #N/A | K8: =VLOOKUP(Table13[[#This Row],[kbli5]],kata_kunci!$B:$H,7,FALSE) -> #N/A
A9: A | B9: '01118 | C9: PERTANIAN BIJI-BIJIAN PENGHASIL MINYAK SELAIN MINYAK MAKAN | D9: =VLOOKUP(Table13[[#This Row],[kbli5]],Table1[[#All],[kbli5]:[digital_hijau]],3,) -> #N/A | E9: =VLOOKUP(Table13[[#This Row],[kbli5]],kata_kunci!$B:$H,4,FALSE) -> #N/A | F9: =VLOOKUP(Table13[[#This Row],[kbli5]],Table1[[#All],[kbli5]:[digital_hijau]],5,) -> #N/A | G9: =VLOOKUP(Table13[[#This Row],[kbli5]],Table1[[#All],[kbli5]:[digital_hijau]],6,) -> #N/A | H9: =VLOOKUP(Table13[[#This Row],[kbli5]],kata_kunci!$B:$H,3,FALSE) -> #N/A | I9: =VLOOKUP(Table13[[#This Row],[kbli5]],kata_kunci!$B:$H,5,FALSE) -> #N/A | J9: =VLOOKUP(Table13[[#This Row],[kbli5]],kata_kunci!$B:$H,6,FALSE) -> #N/A | K9: =VLOOKUP(Table13[[#This Row],[kbli5]],kata_kunci!$B:$H,7,FALSE) -> #N/A
A10: A | B10: '01121 | C10: PERTANIAN PADI HIBRIDA | D10: =VLOOKUP(Table13[[#This Row],[kbli5]],Table1[[#All],[kbli5]:[digital_hijau]],3,) -> #N/A | E10: =VLOOKUP(Table13[[#This Row],[kbli5]],kata_kunci!$B:$H,4,FALSE) -> #N/A | F10: =VLOOKUP(Table13[[#This Row],[kbli5]],Table1[[#All],[kbli5]:[digital_hijau]],5,) -> #N/A | G10: =VLOOKUP(Table13[[#This Row],[kbli5]],Table1[[#All],[kbli5]:[digital_hijau]],6,) -> #N/A | H10: =VLOOKUP(Table13[[#This Row],[kbli5]],kata_kunci!$B:$H,3,FALSE) -> #N/A | I10: =VLOOKUP(Table13[[#This Row],[kbli5]],kata_kunci!$B:$H,5,FALSE) -> #N/A | J10: =VLOOKUP(Table13[[#This Row],[kbli5]],kata_kunci!$B:$H,6,FALSE) -> #N/A | K10: =VLOOKUP(Table13[[#This Row],[kbli5]],kata_kunci!$B:$H,7,FALSE) -> #N/A
A11: A | B11: '01122 | C11: PERTANIAN PADI INBRIDA | D11: =VLOOKUP(Table13[[#This Row],[kbli5]],Table1[[#All],[kbli5]:[digital_hijau]],3,) -> #N/A | E11: =VLOOKUP(Table13[[#This Row],[kbli5]],kata_kunci!$B:$H,4,FALSE) -> #N/A | F11: =VLOOKUP(Table13[[#This Row],[kbli5]],Table1[[#All],[kbli5]:[digital_hijau]],5,) -> #N/A | G11: =VLOOKUP(Table13[[#This Row],[kbli5]],Table1[[#All],[kbli5]:[digital_hijau]],6,) -> #N/A | H11: =VLOOKUP(Table13[[#This Row],[kbli5]],kata_kunci!$B:$H,3,FALSE) -> #N/A | I11: =VLOOKUP(Table13[[#This Row],[kbli5]],kata_kunci!$B:$H,5,FALSE) -> #N/A | J11: =VLOOKUP(Table13[[#This Row],[kbli5]],kata_kunci!$B:$H,6,FALSE) -> #N/A | K11: =VLOOKUP(Table13[[#This Row],[kbli5]],kata_kunci!$B:$H,7,FALSE) -> #N/A
A12: A | B12: '01131 | C12: PERTANIAN SAYURAN DAUN | D12: =VLOOKUP(Table13[[#This Row],[kbli5]],Table1[[#All],[kbli5]:[digital_hijau]],3,) -> #N/A | E12: =VLOOKUP(Table13[[#This Row],[kbli5]],kata_kunci!$B:$H,4,FALSE) -> #N/A | F12: =VLOOKUP(Table13[[#This Row],[kbli5]],Table1[[#All],[kbli5]:[digital_hijau]],5,) -> #N/A | G12: =VLOOKUP(Table13[[#This Row],[kbli5]],Table1[[#All],[kbli5]:[digital_hijau]],6,) -> #N/A | H12: =VLOOKUP(Table13[[#This Row],[kbli5]],kata_kunci!$B:$H,3,FALSE) -> #N/A | I12: =VLOOKUP(Table13[[#This Row],[kbli5]],kata_kunci!$B:$H,5,FALSE) -> #N/A | J12: =VLOOKUP(Table13[[#This Row],[kbli5]],kata_kunci!$B:$H,6,FALSE) -> #N/A | K12: =VLOOKUP(Table13[[#This Row],[kbli5]],kata_kunci!$B:$H,7,FALSE) -> #N/A
A13: A | B13: '01132 | C13: PERTANIAN BUAH SEMUSIM | D13: =VLOOKUP(Table13[[#This Row],[kbli5]],Table1[[#All],[kbli5]:[digital_hijau]],3,) -> #N/A | E13: =VLOOKUP(Table13[[#This Row],[kbli5]],kata_kunci!$B:$H,4,FALSE) -> #N/A | F13: =VLOOKUP(Table13[[#This Row],[kbli5]],Table1[[#All],[kbli5]:[digital_hijau]],5,) -> #N/A | G13: =VLOOKUP(Table13[[#This Row],[kbli5]],Table1[[#All],[kbli5]:[digital_hijau]],6,) -> #N/A | H13: =VLOOKUP(Table13[[#This Row],[kbli5]],kata_kunci!$B:$H,3,FALSE) -> #N/A | I13: =VLOOKUP(Table13[[#This Row],[kbli5]],kata_kunci!$B:$H,5,FALSE) -> #N/A | J13: =VLOOKUP(Table13[[#This Row],[kbli5]],kata_kunci!$B:$H,6,FALSE) -> #N/A | K13: =VLOOKUP(Table13[[#This Row],[kbli5]],kata_kunci!$B:$H,7,FALSE) -> #N/A
... A126: B | B126: '05200 | C126: PERTAMBANGAN LIGNIT | D126: =VLOOKUP(Table13[[#This Row],[kbli5]],Table1[[#All],[kbli5]:[digital_hijau]],3,) -> #N/A | E126: =VLOOKUP(Table13[[#This Row],[kbli5]],kata_kunci!$B:$H,4,FALSE) -> #N/A | F126: =VLOOKUP(Table13[[#This Row],[kbli5]],Table1[[#All],[kbli5]:[digital_hijau]],5,) -> #N/A | G126: =VLOOKUP(Table13[[#This Row],[kbli5]],Table1[[#All],[kbli5]:[digital_hijau]],6,) -> #N/A | H126: =VLOOKUP(Table13[[#This Row],[kbli5]],kata_kunci!$B:$H,3,FALSE) -> #N/A | I126: =VLOOKUP(Table13[[#This Row],[kbli5]],kata_kunci!$B:$H,5,FALSE) -> #N/A | J126: =VLOOKUP(Table13[[#This Row],[kbli5]],kata_kunci!$B:$H,6,FALSE) -> #N/A | K126: =VLOOKUP(Table13[[#This Row],[kbli5]],kata_kunci!$B:$H,7,FALSE) -> #N/A
A127: B | B127: '06100 | C127: PERTAMBANGAN MINYAK BUMI | D127: =VLOOKUP(Table13[[#This Row],[kbli5]],Table1[[#All],[kbli5]:[digital_hijau]],3,) -> #N/A | E127: =VLOOKUP(Table13[[#This Row],[kbli5]],kata_kunci!$B:$H,4,FALSE) -> #N/A | F127: =VLOOKUP(Table13[[#This Row],[kbli5]],Table1[[#All],[kbli5]:[digital_hijau]],5,) -> #N/A | G127: Ekonomi Hijau; | H127: =VLOOKUP(Table13[[#This Row],[kbli5]],kata_kunci!$B:$H,3,FALSE) -> #N/A | I127: =VLOOKUP(Table13[[#This Row],[kbli5]],kata_kunci!$B:$H,5,FALSE) -> #N/A | J127: =VLOOKUP(Table13[[#This Row],[kbli5]],kata_kunci!$B:$H,6,FALSE) -> #N/A | K127: =VLOOKUP(Table13[[#This Row],[kbli5]],kata_kunci!$B:$H,7,FALSE) -> #N/A
A128: B | B128: '06201 | C128: PERTAMBANGAN GAS ALAM | D128: =VLOOKUP(Table13[[#This Row],[kbli5]],Table1[[#All],[kbli5]:[digital_hijau]],3,) -> #N/A | E128: =VLOOKUP(Table13[[#This Row],[kbli5]],kata_kunci!$B:$H,4,FALSE) -> #N/A | F128: =VLOOKUP(Table13[[#This Row],[kbli5]],Table1[[#All],[kbli5]:[digital_hijau]],5,) -> #N/A | G128: Ekonomi Hijau; | H128: =VLOOKUP(Table13[[#This Row],[kbli5]],kata_kunci!$B:$H,3,FALSE) -> #N/A | I128: =VLOOKUP(Table13[[#This Row],[kbli5]],kata_kunci!$B:$H,5,FALSE) -> #N/A | J128: =VLOOKUP(Table13[[#This Row],[kbli5]],kata_kunci!$B:$H,6,FALSE) -> #N/A | K128: =VLOOKUP(Table13[[#This Row],[kbli5]],kata_kunci!$B:$H,7,FALSE) -> #N/A
A129: B | B129: '06202 | C129: PENGUSAHAAN TENAGA PANAS BUMI | D129: =VLOOKUP(Table13[[#This Row],[kbli5]],Table1[[#All],[kbli5]:[digital_hijau]],3,) -> #N/A | E129: =VLOOKUP(Table13[[#This Row],[kbli5]],kata_kunci!$B:$H,4,FALSE) -> #N/A | F129: =VLOOKUP(Table13[[#This Row],[kbli5]],Table1[[#All],[kbli5]:[digital_hijau]],5,) -> #N/A | G129: Ekonomi Hijau; | H129: =VLOOKUP(Table13[[#This Row],[kbli5]],kata_kunci!$B:$H,3,FALSE) -> #N/A | I129: =VLOOKUP(Table13[[#This Row],[kbli5]],kata_kunci!$B:$H,5,FALSE) -> #N/A | J129: =VLOOKUP(Table13[[#This Row],[kbli5]],kata_kunci!$B:$H,6,FALSE) -> #N/A | K129: =VLOOKUP(Table13[[#This Row],[kbli5]],kata_kunci!$B:$H,7,FALSE) -> #N/A
A130: B | B130: '07101 | C130: PERTAMBANGAN PASIR BESI | D130: =VLOOKUP(Table13[[#This Row],[kbli5]],Table1[[#All],[kbli5]:[digital_hijau]],3,) -> #N/A | E130: =VLOOKUP(Table13[[#This Row],[kbli5]],kata_kunci!$B:$H,4,FALSE) -> #N/A | F130: =VLOOKUP(Table13[[#This Row],[kbli5]],Table1[[#All],[kbli5]:[digital_hijau]],5,) -> #N/A | G130: Ekonomi Hijau; | H130: =VLOOKUP(Table13[[#This Row],[kbli5]],kata_kunci!$B:$H,3,FALSE) -> #N/A | I130: =VLOOKUP(Table13[[#This Row],[kbli5]],kata_kunci!$B:$H,5,FALSE) -> #N/A | J130: =VLOOKUP(Table13[[#This Row],[kbli5]],kata_kunci!$B:$H,6,FALSE) -> #N/A | K130: =VLOOKUP(Table13[[#This Row],[kbli5]],kata_kunci!$B:$H,7,FALSE) -> #N/A
A131: B | B131: '07102 | C131: PERTAMBANGAN BIJIH BESI | D131: =VLOOKUP(Table13[[#This Row],[kbli5]],Table1[[#All],[kbli5]:[digital_hijau]],3,) -> #N/A | E131: =VLOOKUP(Table13[[#This Row],[kbli5]],kata_kunci!$B:$H,4,FALSE) -> #N/A | F131: =VLOOKUP(Table13[[#This Row],[kbli5]],Table1[[#All],[kbli5]:[digital_hijau]],5,) -> #N/A | G131: Ekonomi Hijau; | H131: =VLOOKUP(Table13[[#This Row],[kbli5]],kata_kunci!$B:$H,3,FALSE) -> #N/A | I131: =VLOOKUP(Table13[[#This Row],[kbli5]],kata_kunci!$B:$H,5,FALSE) -> #N/A | J131: =VLOOKUP(Table13[[#This Row],[kbli5]],kata_kunci!$B:$H,6,FALSE) -> #N/A | K131: =VLOOKUP(Table13[[#This Row],[kbli5]],kata_kunci!$B:$H,7,FALSE) -> #N/A
A132: B | B132: '07210 | C132: PERTAMBANGAN BIJIH URANIUM DAN TORIUM | D132: =VLOOKUP(Table13[[#This Row],[kbli5]],Table1[[#All],[kbli5]:[digital_hijau]],3,) -> #N/A | E132: =VLOOKUP(Table13[[#This Row],[kbli5]],kata_kunci!$B:$H,4,FALSE) -> #N/A | F132: =VLOOKUP(Table13[[#This Row],[kbli5]],Table1[[#All],[kbli5]:[digital_hijau]],5,) -> #N/A | G132: Ekonomi Hijau; | H132: =VLOOKUP(Table13[[#This Row],[kbli5]],kata_kunci!$B:$H,3,FALSE) -> #N/A | I132: =VLOOKUP(Table13[[#This Row],[kbli5]],kata_kunci!$B:$H,5,FALSE) -> #N/A | J132: =VLOOKUP(Table13[[#This Row],[kbli5]],kata_kunci!$B:$H,6,FALSE) -> #N/A | K132: =VLOOKUP(Table13[[#This Row],[kbli5]],kata_kunci!$B:$H,7,FALSE) -> #N/A
A133: B | B133: '07221 | C133: PERTAMBANGAN EMAS DAN PERAK | D133: =VLOOKUP(Table13[[#This Row],[kbli5]],Table1[[#All],[kbli5]:[digital_hijau]],3,) -> #N/A | E133: =VLOOKUP(Table13[[#This Row],[kbli5]],kata_kunci!$B:$H,4,FALSE) -> #N/A | F133: =VLOOKUP(Table13[[#This Row],[kbli5]],Table1[[#All],[kbli5]:[digital_hijau]],5,) -> #N/A | G133: Ekonomi Hijau; | H133: =VLOOKUP(Table13[[#This Row],[kbli5]],kata_kunci!$B:$H,3,FALSE) -> #N/A | I133: =VLOOKUP(Table13[[#This Row],[kbli5]],kata_kunci!$B:$H,5,FALSE) -> #N/A | J133: =VLOOKUP(Table13[[#This Row],[kbli5]],kata_kunci!$B:$H,6,FALSE) -> #N/A | K133: =VLOOKUP(Table13[[#This Row],[kbli5]],kata_kunci!$B:$H,7,FALSE) -> #N/A
A134: B | B134: '07229 | C134: PERTAMBANGAN BIJIH LOGAM MULIA LAINNYA | D134: =VLOOKUP(Table13[[#This Row],[kbli5]],Table1[[#All],[kbli5]:[digital_hijau]],3,) -> #N/A | E134: =VLOOKUP(Table13[[#This Row],[kbli5]],kata_kunci!$B:$H,4,FALSE) -> #N/A | F134: =VLOOKUP(Table13[[#This Row],[kbli5]],Table1[[#All],[kbli5]:[digital_hijau]],5,) -> #N/A | G134: Ekonomi Hijau; | H134: =VLOOKUP(Table13[[#This Row],[kbli5]],kata_kunci!$B:$H,3,FALSE) -> #N/A | I134: =VLOOKUP(Table13[[#This Row],[kbli5]],kata_kunci!$B:$H,5,FALSE) -> #N/A | J134: =VLOOKUP(Table13[[#This Row],[kbli5]],kata_kunci!$B:$H,6,FALSE) -> #N/A | K134: =VLOOKUP(Table13[[#This Row],[kbli5]],kata_kunci!$B:$H,7,FALSE) -> #N/A
A135: B | B135: '07291 | C135: PERTAMBANGAN BIJIH TIMAH | D135: =VLOOKUP(Table13[[#This Row],[kbli5]],Table1[[#All],[kbli5]:[digital_hijau]],3,) -> #N/A | E135: =VLOOKUP(Table13[[#This Row],[kbli5]],kata_kunci!$B:$H,4,FALSE) -> #N/A | F135: =VLOOKUP(Table13[[#This Row],[kbli5]],Table1[[#All],[kbli5]:[digital_hijau]],5,) -> #N/A | G135: Ekonomi Hijau; | H135: =VLOOKUP(Table13[[#This Row],[kbli5]],kata_kunci!$B:$H,3,FALSE) -> #N/A | I135: =VLOOKUP(Table13[[#This Row],[kbli5]],kata_kunci!$B:$H,5,FALSE) -> #N/A | J135: =VLOOKUP(Table13[[#This Row],[kbli5]],kata_kunci!$B:$H,6,FALSE) -> #N/A | K135: =VLOOKUP(Table13[[#This Row],[kbli5]],kata_kunci!$B:$H,7,FALSE) -> #N/A
A136: B | B136: '07292 | C136: PERTAMBANGAN BIJIH TIMAH HITAM | D136: =VLOOKUP(Table13[[#This Row],[kbli5]],Table1[[#All],[kbli5]:[digital_hijau]],3,) -> #N/A | E136: =VLOOKUP(Table13[[#This Row],[kbli5]],kata_kunci!$B:$H,4,FALSE) -> #N/A | F136: =VLOOKUP(Table13[[#This Row],[kbli5]],Table1[[#All],[kbli5]:[digital_hijau]],5,) -> #N/A | G136: Ekonomi Hijau; | H136: =VLOOKUP(Table13[[#This Row],[kbli5]],kata_kunci!$B:$H,3,FALSE) -> #N/A | I136: =VLOOKUP(Table13[[#This Row],[kbli5]],kata_kunci!$B:$H,5,FALSE) -> #N/A | J136: =VLOOKUP(Table13[[#This Row],[kbli5]],kata_kunci!$B:$H,6,FALSE) -> #N/A | K136: =VLOOKUP(Table13[[#This Row],[kbli5]],kata_kunci!$B:$H,7,FALSE) -> #N/A
A137: B | B137: '07293 | C137: PERTAMBANGAN BIJIH BAUKSIT | D137: =VLOOKUP(Table13[[#This Row],[kbli5]],Table1[[#All],[kbli5]:[digital_hijau]],3,) -> #N/A | E137: =VLOOKUP(Table13[[#This Row],[kbli5]],kata_kunci!$B:$H,4,FALSE) -> #N/A | F137: =VLOOKUP(Table13[[#This Row],[kbli5]],Table1[[#All],[kbli5]:[digital_hijau]],5,) -> #N/A | G137: Ekonomi Hijau; | H137: =VLOOKUP(Table13[[#This Row],[kbli5]],kata_kunci!$B:$H,3,FALSE) -> #N/A | I137: =VLOOKUP(Table13[[#This Row],[kbli5]],kata_kunci!$B:$H,5,FALSE) -> #N/A | J137: =VLOOKUP(Table13[[#This Row],[kbli5]],kata_kunci!$B:$H,6,FALSE) -> #N/A | K137: =VLOOKUP(Table13[[#This Row],[kbli5]],kata_kunci!$B:$H,7,FALSE) -> #N/A
A138: B | B138: '07294 | C138: PERTAMBANGAN BIJIH TEMBAGA | D138: =VLOOKUP(Table13[[#This Row],[kbli5]],Table1[[#All],[kbli5]:[digital_hijau]],3,) -> #N/A | E138: =VLOOKUP(Table13[[#This Row],[kbli5]],kata_kunci!$B:$H,4,FALSE) -> #N/A | F138: =VLOOKUP(Table13[[#This Row],[kbli5]],Table1[[#All],[kbli5]:[digital_hijau]],5,) -> #N/A | G138: Ekonomi Hijau; | H138: =VLOOKUP(Table13[[#This Row],[kbli5]],kata_kunci!$B:$H,3,FALSE) -> #N/A | I138: =VLOOKUP(Table13[[#This Row],[kbli5]],kata_kunci!$B:$H,5,FALSE) -> #N/A | J138: =VLOOKUP(Table13[[#This Row],[kbli5]],kata_kunci!$B:$H,6,FALSE) -> #N/A | K138: =VLOOKUP(Table13[[#This Row],[kbli5]],kata_kunci!$B:$H,7,FALSE) -> #N/A
A139: B | B139: '07295 | C139: PERTAMBANGAN BIJIH NIKEL | D139: =VLOOKUP(Table13[[#This Row],[kbli5]],Table1[[#All],[kbli5]:[digital_hijau]],3,) -> #N/A | E139: =VLOOKUP(Table13[[#This Row],[kbli5]],kata_kunci!$B:$H,4,FALSE) -> #N/A | F139: =VLOOKUP(Table13[[#This Row],[kbli5]],Table1[[#All],[kbli5]:[digital_hijau]],5,) -> #N/A | G139: Ekonomi Hijau; | H139: =VLOOKUP(Table13[[#This Row],[kbli5]],kata_kunci!$B:$H,3,FALSE) -> #N/A | I139: =VLOOKUP(Table13[[#This Row],[kbli5]],kata_kunci!$B:$H,5,FALSE) -> #N/A | J139: =VLOOKUP(Table13[[#This Row],[kbli5]],kata_kunci!$B:$H,6,FALSE) -> #N/A | K139: =VLOOKUP(Table13[[#This Row],[kbli5]],kata_kunci!$B:$H,7,FALSE) -> #N/A
A140: B | B140: '07296 | C140: PERTAMBANGAN BIJIH MANGAN | D140: =VLOOKUP(Table13[[#This Row],[kbli5]],Table1[[#All],[kbli5]:[digital_hijau]],3,) -> #N/A | E140: =VLOOKUP(Table13[[#This Row],[kbli5]],kata_kunci!$B:$H,4,FALSE) -> #N/A | F140: =VLOOKUP(Table13[[#This Row],[kbli5]],Table1[[#All],[kbli5]:[digital_hijau]],5,) -> #N/A | G140: =VLOOKUP(Table13[[#This Row],[kbli5]],Table1[[#All],[kbli5]:[digital_hijau]],6,) -> #N/A | H140: =VLOOKUP(Table13[[#This Row],[kbli5]],kata_kunci!$B:$H,3,FALSE) -> #N/A | I140: =VLOOKUP(Table13[[#This Row],[kbli5]],kata_kunci!$B:$H,5,FALSE) -> #N/A | J140: =VLOOKUP(Table13[[#This Row],[kbli5]],kata_kunci!$B:$H,6,FALSE) -> #N/A | K140: =VLOOKUP(Table13[[#This Row],[kbli5]],kata_kunci!$B:$H,7,FALSE) -> #N/A
A141: B | B141: '07299 | C141: PERTAMBANGAN BAHAN GALIAN LAINNYA YANG TIDAK MENGANDUNG | D141: =VLOOKUP(Table13[[#This Row],[kbli5]],Table1[[#All],[kbli5]:[digital_hijau]],3,) -> #N/A | E141: =VLOOKUP(Table13[[#This Row],[kbli5]],kata_kunci!$B:$H,4,FALSE) -> #N/A | F141: =VLOOKUP(Table13[[#This Row],[kbli5]],Table1[[#All],[kbli5]:[digital_hijau]],5,) -> #N/A | G141: =VLOOKUP(Table13[[#This Row],[kbli5]],Table1[[#All],[kbli5]:[digital_hijau]],6,) -> #N/A | H141: =VLOOKUP(Table13[[#This Row],[kbli5]],kata_kunci!$B:$H,3,FALSE) -> #N/A | I141: =VLOOKUP(Table13[[#This Row],[kbli5]],kata_kunci!$B:$H,5,FALSE) -> #N/A | J141: =VLOOKUP(Table13[[#This Row],[kbli5]],kata_kunci!$B:$H,6,FALSE) -> #N/A | K141: =VLOOKUP(Table13[[#This Row],[kbli5]],kata_kunci!$B:$H,7,FALSE) -> #N/A
A142: B | B142: '08101 | C142: PENGGALIAN BATU HIAS DAN BATU BANGUNAN | D142: =VLOOKUP(Table13[[#This Row],[kbli5]],Table1[[#All],[kbli5]:[digital_hijau]],3,) -> #N/A | E142: =VLOOKUP(Table13[[#This Row],[kbli5]],kata_kunci!$B:$H,4,FALSE) -> #N/A | F142: =VLOOKUP(Table13[[#This Row],[kbli5]],Table1[[#All],[kbli5]:[digital_hijau]],5,) -> #N/A | G142: =VLOOKUP(Table13[[#This Row],[kbli5]],Table1[[#All],[kbli5]:[digital_hijau]],6,) -> #N/A | H142: =VLOOKUP(Table13[[#This Row],[kbli5]],kata_kunci!$B:$H,3,FALSE) -> #N/A | I142: =VLOOKUP(Table13[[#This Row],[kbli5]],kata_kunci!$B:$H,5,FALSE) -> #N/A | J142: =VLOOKUP(Table13[[#This Row],[kbli5]],kata_kunci!$B:$H,6,FALSE) -> #N/A | K142: =VLOOKUP(Table13[[#This Row],[kbli5]],kata_kunci!$B:$H,7,FALSE) -> #N/A
A143: B | B143: '08102 | C143: PENGGALIAN BATU KAPUR/GAMPING | D143: =VLOOKUP(Table13[[#This Row],[kbli5]],Table1[[#All],[kbli5]:[digital_hijau]],3,) -> #N/A | E143: =VLOOKUP(Table13[[#This Row],[kbli5]],kata_kunci!$B:$H,4,FALSE) -> #N/A | F143: =VLOOKUP(Table13[[#This Row],[kbli5]],Table1[[#All],[kbli5]:[digital_hijau]],5,) -> #N/A | G143: =VLOOKUP(Table13[[#This Row],[kbli5]],Table1[[#All],[kbli5]:[digital_hijau]],6,) -> #N/A | H143: =VLOOKUP(Table13[[#This Row],[kbli5]],kata_kunci!$B:$H,3,FALSE) -> #N/A | I143: =VLOOKUP(Table13[[#This Row],[kbli5]],kata_kunci!$B:$H,5,FALSE) -> #N/A | J143: =VLOOKUP(Table13[[#This Row],[kbli5]],kata_kunci!$B:$H,6,FALSE) -> #N/A | K143: =VLOOKUP(Table13[[#This Row],[kbli5]],kata_kunci!$B:$H,7,FALSE) -> #N/A
A144: B | B144: '08103 | C144: PENGGALIAN KERIKIL/SIRTU | D144: =VLOOKUP(Table13[[#This Row],[kbli5]],Table1[[#All],[kbli5]:[digital_hijau]],3,) -> #N/A | E144: =VLOOKUP(Table13[[#This Row],[kbli5]],kata_kunci!$B:$H,4,FALSE) -> #N/A | F144: =VLOOKUP(Table13[[#This Row],[kbli5]],Table1[[#All],[kbli5]:[digital_hijau]],5,) -> #N/A | G144: =VLOOKUP(Table13[[#This Row],[kbli5]],Table1[[#All],[kbli5]:[digital_hijau]],6,) -> #N/A | H144: =VLOOKUP(Table13[[#This Row],[kbli5]],kata_kunci!$B:$H,3,FALSE) -> #N/A | I144: =VLOOKUP(Table13[[#This Row],[kbli5]],kata_kunci!$B:$H,5,FALSE) -> #N/A | J144: =VLOOKUP(Table13[[#This Row],[kbli5]],kata_kunci!$B:$H,6,FALSE) -> #N/A | K144: =VLOOKUP(Table13[[#This Row],[kbli5]],kata_kunci!$B:$H,7,FALSE) -> #N/A
A145: B | B145: '08104 | C145: PENGGALIAN PASIR | D145: =VLOOKUP(Table13[[#This Row],[kbli5]],Table1[[#All],[kbli5]:[digital_hijau]],3,) -> #N/A | E145: =VLOOKUP(Table13[[#This Row],[kbli5]],kata_kunci!$B:$H,4,FALSE) -> #N/A | F145: =VLOOKUP(Table13[[#This Row],[kbli5]],Table1[[#All],[kbli5]:[digital_hijau]],5,) -> #N/A | G145: =VLOOKUP(Table13[[#This Row],[kbli5]],Table1[[#All],[kbli5]:[digital_hijau]],6,) -> #N/A | H145: =VLOOKUP(Table13[[#This Row],[kbli5]],kata_kunci!$B:$H,3,FALSE) -> #N/A | I145: =VLOOKUP(Table13[[#This Row],[kbli5]],kata_kunci!$B:$H,5,FALSE) -> #N/A | J145: =VLOOKUP(Table13[[#This Row],[kbli5]],kata_kunci!$B:$H,6,FALSE) -> #N/A | K145: =VLOOKUP(Table13[[#This Row],[kbli5]],kata_kunci!$B:$H,7,FALSE) -> #N/A
A146: B | B146: '08105 | C146: PENGGALIAN TANAH DAN TANAH LIAT | D146: =VLOOKUP(Table13[[#This Row],[kbli5]],Table1[[#All],[kbli5]:[digital_hijau]],3,) -> #N/A | E146: =VLOOKUP(Table13[[#This Row],[kbli5]],kata_kunci!$B:$H,4,FALSE) -> #N/A | F146: =VLOOKUP(Table13[[#This Row],[kbli5]],Table1[[#All],[kbli5]:[digital_hijau]],5,) -> #N/A | G146: =VLOOKUP(Table13[[#This Row],[kbli5]],Table1[[#All],[kbli5]:[digital_hijau]],6,) -> #N/A | H146: =VLOOKUP(Table13[[#This Row],[kbli5]],kata_kunci!$B:$H,3,FALSE) -> #N/A | I146: =VLOOKUP(Table13[[#This Row],[kbli5]],kata_kunci!$B:$H,5,FALSE) -> #N/A | J146: =VLOOKUP(Table13[[#This Row],[kbli5]],kata_kunci!$B:$H,6,FALSE) -> #N/A | K146: =VLOOKUP(Table13[[#This Row],[kbli5]],kata_kunci!$B:$H,7,FALSE) -> #N/A
A147: B | B147: '08106 | C147: PENGGALIAN GIPS | D147: =VLOOKUP(Table13[[#This Row],[kbli5]],Table1[[#All],[kbli5]:[digital_hijau]],3,) -> #N/A | E147: =VLOOKUP(Table13[[#This Row],[kbli5]],kata_kunci!$B:$H,4,FALSE) -> #N/A | F147: =VLOOKUP(Table13[[#This Row],[kbli5]],Table1[[#All],[kbli5]:[digital_hijau]],5,) -> #N/A | G147: =VLOOKUP(Table13[[#This Row],[kbli5]],Table1[[#All],[kbli5]:[digital_hijau]],6,) -> #N/A | H147: =VLOOKUP(Table13[[#This Row],[kbli5]],kata_kunci!$B:$H,3,FALSE) -> #N/A | I147: =VLOOKUP(Table13[[#This Row],[kbli5]],kata_kunci!$B:$H,5,FALSE) -> #N/A | J147: =VLOOKUP(Table13[[#This Row],[kbli5]],kata_kunci!$B:$H,6,FALSE) -> #N/A | K147: =VLOOKUP(Table13[[#This Row],[kbli5]],kata_kunci!$B:$H,7,FALSE) -> #N/A
A148: B | B148: '08107 | C148: PENGGALIAN TRAS | D148: =VLOOKUP(Table13[[#This Row],[kbli5]],Table1[[#All],[kbli5]:[digital_hijau]],3,) -> #N/A | E148: =VLOOKUP(Table13[[#This Row],[kbli5]],kata_kunci!$B:$H,4,FALSE) -> #N/A | F148: =VLOOKUP(Table13[[#This Row],[kbli5]],Table1[[#All],[kbli5]:[digital_hijau]],5,) -> #N/A | G148: =VLOOKUP(Table13[[#This Row],[kbli5]],Table1[[#All],[kbli5]:[digital_hijau]],6,) -> #N/A | H148: =VLOOKUP(Table13[[#This Row],[kbli5]],kata_kunci!$B:$H,3,FALSE) -> #N/A | I148: =VLOOKUP(Table13[[#This Row],[kbli5]],kata_kunci!$B:$H,5,FALSE) -> #N/A | J148: =VLOOKUP(Table13[[#This Row],[kbli5]],kata_kunci!$B:$H,6,FALSE) -> #N/A | K148: =VLOOKUP(Table13[[#This Row],[kbli5]],kata_kunci!$B:$H,7,FALSE) -> #N/A
A149: B | B149: '08108 | C149: PENGGALIAN BATU APUNG | D149: =VLOOKUP(Table13[[#This Row],[kbli5]],Table1[[#All],[kbli5]:[digital_hijau]],3,) -> #N/A | E149: =VLOOKUP(Table13[[#This Row],[kbli5]],kata_kunci!$B:$H,4,FALSE) -> #N/A | F149: =VLOOKUP(Table13[[#This Row],[kbli5]],Table1[[#All],[kbli5]:[digital_hijau]],5,) -> #N/A | G149: =VLOOKUP(Table13[[#This Row],[kbli5]],Table1[[#All],[kbli5]:[digital_hijau]],6,) -> #N/A | H149: =VLOOKUP(Table13[[#This Row],[kbli5]],kata_kunci!$B:$H,3,FALSE) -> #N/A | I149: =VLOOKUP(Table13[[#This Row],[kbli5]],kata_kunci!$B:$H,5,FALSE) -> #N/A | J149: =VLOOKUP(Table13[[#This Row],[kbli5]],kata_kunci!$B:$H,6,FALSE) -> #N/A | K149: =VLOOKUP(Table13[[#This Row],[kbli5]],kata_kunci!$B:$H,7,FALSE) -> #N/A
A150: B | B150: '08109 | C150: PENGGALIAN BATU, PASIR, DAN TANAH LIAT LAINNYA | D150: =VLOOKUP(Table13[[#This Row],[kbli5]],Table1[[#All],[kbli5]:[digital_hijau]],3,) -> #N/A | E150: =VLOOKUP(Table13[[#This Row],[kbli5]],kata_kunci!$B:$H,4,FALSE) -> #N/A | F150: =VLOOKUP(Table13[[#This Row],[kbli5]],Table1[[#All],[kbli5]:[digital_hijau]],5,) -> #N/A | G150: =VLOOKUP(Table13[[#This Row],[kbli5]],Table1[[#All],[kbli5]:[digital_hijau]],6,) -> #N/A | H150: =VLOOKUP(Table13[[#This Row],[kbli5]],kata_kunci!$B:$H,3,FALSE) -> #N/A | I150: =VLOOKUP(Table13[[#This Row],[kbli5]],kata_kunci!$B:$H,5,FALSE) -> #N/A | J150: =VLOOKUP(Table13[[#This Row],[kbli5]],kata_kunci!$B:$H,6,FALSE) -> #N/A | K150: =VLOOKUP(Table13[[#This Row],[kbli5]],kata_kunci!$B:$H,7,FALSE) -> #N/A
A151: B | B151: '08911 | C151: PERTAMBANGAN BELERANG | D151: =VLOOKUP(Table13[[#This Row],[kbli5]],Table1[[#All],[kbli5]:[digital_hijau]],3,) -> #N/A | E151: =VLOOKUP(Table13[[#This Row],[kbli5]],kata_kunci!$B:$H,4,FALSE) -> #N/A | F151: =VLOOKUP(Table13[[#This Row],[kbli5]],Table1[[#All],[kbli5]:[digital_hijau]],5,) -> #N/A | G151: =VLOOKUP(Table13[[#This Row],[kbli5]],Table1[[#All],[kbli5]:[digital_hijau]],6,) -> #N/A | H151: =VLOOKUP(Table13[[#This Row],[kbli5]],kata_kunci!$B:$H,3,FALSE) -> #N/A | I151: =VLOOKUP(Table13[[#This Row],[kbli5]],kata_kunci!$B:$H,5,FALSE) -> #N/A | J151: =VLOOKUP(Table13[[#This Row],[kbli5]],kata_kunci!$B:$H,6,FALSE) -> #N/A | K151: =VLOOKUP(Table13[[#This Row],[kbli5]],kata_kunci!$B:$H,7,FALSE) -> #N/A
... A167: B | B167: '09900 | C167: AKTIVITAS PENUNJANG PERTAMBANGAN DAN PENGGALIAN LAINNYA | D167: =VLOOKUP(Table13[[#This Row],[kbli5]],Table1[[#All],[kbli5]:[digital_hijau]],3,) -> #N/A | E167: =VLOOKUP(Table13[[#This Row],[kbli5]],kata_kunci!$B:$H,4,FALSE) -> #N/A | F167: =VLOOKUP(Table13[[#This Row],[kbli5]],Table1[[#All],[kbli5]:[digital_hijau]],5,) -> #N/A | G167: =VLOOKUP(Table13[[#This Row],[kbli5]],Table1[[#All],[kbli5]:[digital_hijau]],6,) -> #N/A | H167: =VLOOKUP(Table13[[#This Row],[kbli5]],kata_kunci!$B:$H,3,FALSE) -> #N/A | I167: =VLOOKUP(Table13[[#This Row],[kbli5]],kata_kunci!$B:$H,5,FALSE) -> #N/A | J167: =VLOOKUP(Table13[[#This Row],[kbli5]],kata_kunci!$B:$H,6,FALSE) -> #N/A | K167: =VLOOKUP(Table13[[#This Row],[kbli5]],kata_kunci!$B:$H,7,FALSE) -> #N/A
A168: C | B168: 10111 | C168: KEGIATAN RUMAH POTONG HEWAN RUMINANSIA | D168: =VLOOKUP(Table13[[#This Row],[kbli5]],Table1[[#All],[kbli5]:[digital_hijau]],3,) -> #N/A | E168: =VLOOKUP(Table13[[#This Row],[kbli5]],kata_kunci!$B:$H,4,FALSE) -> #N/A | F168: =VLOOKUP(Table13[[#This Row],[kbli5]],Table1[[#All],[kbli5]:[digital_hijau]],5,) -> #N/A | G168: =VLOOKUP(Table13[[#This Row],[kbli5]],Table1[[#All],[kbli5]:[digital_hijau]],6,) -> #N/A | H168: =VLOOKUP(Table13[[#This Row],[kbli5]],kata_kunci!$B:$H,3,FALSE) -> #N/A | I168: =VLOOKUP(Table13[[#This Row],[kbli5]],kata_kunci!$B:$H,5,FALSE) -> #N/A | J168: =VLOOKUP(Table13[[#This Row],[kbli5]],kata_kunci!$B:$H,6,FALSE) -> #N/A | K168: =VLOOKUP(Table13[[#This Row],[kbli5]],kata_kunci!$B:$H,7,FALSE) -> #N/A
A169: C | B169: 10112 | C169: KEGIATAN RUMAH POTONG BABI | D169: =VLOOKUP(Table13[[#This Row],[kbli5]],Table1[[#All],[kbli5]:[digital_hijau]],3,) -> #N/A | E169: =VLOOKUP(Table13[[#This Row],[kbli5]],kata_kunci!$B:$H,4,FALSE) -> #N/A | F169: =VLOOKUP(Table13[[#This Row],[kbli5]],Table1[[#All],[kbli5]:[digital_hijau]],5,) -> #N/A | G169: =VLOOKUP(Table13[[#This Row],[kbli5]],Table1[[#All],[kbli5]:[digital_hijau]],6,) -> #N/A | H169: =VLOOKUP(Table13[[#This Row],[kbli5]],kata_kunci!$B:$H,3,FALSE) -> #N/A | I169: =VLOOKUP(Table13[[#This Row],[kbli5]],kata_kunci!$B:$H,5,FALSE) -> #N/A | J169: =VLOOKUP(Table13[[#This Row],[kbli5]],kata_kunci!$B:$H,6,FALSE) -> #N/A | K169: =VLOOKUP(Table13[[#This Row],[kbli5]],kata_kunci!$B:$H,7,FALSE) -> #N/A
A170: C | B170: 10113 | C170: KEGIATAN RUMAH POTONG UNGGAS | D170: =VLOOKUP(Table13[[#This Row],[kbli5]],Table1[[#All],[kbli5]:[digital_hijau]],3,) -> #N/A | E170: =VLOOKUP(Table13[[#This Row],[kbli5]],kata_kunci!$B:$H,4,FALSE) -> #N/A | F170: =VLOOKUP(Table13[[#This Row],[kbli5]],Table1[[#All],[kbli5]:[digital_hijau]],5,) -> #N/A | G170: =VLOOKUP(Table13[[#This Row],[kbli5]],Table1[[#All],[kbli5]:[digital_hijau]],6,) -> #N/A | H170: =VLOOKUP(Table13[[#This Row],[kbli5]],kata_kunci!$B:$H,3,FALSE) -> #N/A | I170: =VLOOKUP(Table13[[#This Row],[kbli5]],kata_kunci!$B:$H,5,FALSE) -> #N/A | J170: =VLOOKUP(Table13[[#This Row],[kbli5]],kata_kunci!$B:$H,6,FALSE) -> #N/A | K170: =VLOOKUP(Table13[[#This Row],[kbli5]],kata_kunci!$B:$H,7,FALSE) -> #N/A
A171: C | B171: 10119 | C171: KEGIATAN RUMAH POTONG HEWAN LAINNYA | D171: =VLOOKUP(Table13[[#This Row],[kbli5]],Table1[[#All],[kbli5]:[digital_hijau]],3,) -> #N/A | E171: =VLOOKUP(Table13[[#This Row],[kbli5]],kata_kunci!$B:$H,4,FALSE) -> #N/A | F171: =VLOOKUP(Table13[[#This Row],[kbli5]],Table1[[#All],[kbli5]:[digital_hijau]],5,) -> #N/A | G171: =VLOOKUP(Table13[[#This Row],[kbli5]],Table1[[#All],[kbli5]:[digital_hijau]],6,) -> #N/A | H171: =VLOOKUP(Table13[[#This Row],[kbli5]],kata_kunci!$B:$H,3,FALSE) -> #N/A | I171: =VLOOKUP(Table13[[#This Row],[kbli5]],kata_kunci!$B:$H,5,FALSE) -> #N/A | J171: =VLOOKUP(Table13[[#This Row],[kbli5]],kata_kunci!$B:$H,6,FALSE) -> #N/A | K171: =VLOOKUP(Table13[[#This Row],[kbli5]],kata_kunci!$B:$H,7,FALSE) -> #N/A
A172: C | B172: 10120 | C172: PENGOLAHAN DAN PENGAWETAN DAGING DAN PRODUK DAGING | D172: =VLOOKUP(Table13[[#This Row],[kbli5]],Table1[[#All],[kbli5]:[digital_hijau]],3,) -> #N/A | E172: =VLOOKUP(Table13[[#This Row],[kbli5]],kata_kunci!$B:$H,4,FALSE) -> #N/A | F172: =VLOOKUP(Table13[[#This Row],[kbli5]],Table1[[#All],[kbli5]:[digital_hijau]],5,) -> #N/A | G172: =VLOOKUP(Table13[[#This Row],[kbli5]],Table1[[#All],[kbli5]:[digital_hijau]],6,) -> #N/A | H172: =VLOOKUP(Table13[[#This Row],[kbli5]],kata_kunci!$B:$H,3,FALSE) -> #N/A | I172: =VLOOKUP(Table13[[#This Row],[kbli5]],kata_kunci!$B:$H,5,FALSE) -> #N/A | J172: =VLOOKUP(Table13[[#This Row],[kbli5]],kata_kunci!$B:$H,6,FALSE) -> #N/A | K172: =VLOOKUP(Table13[[#This Row],[kbli5]],kata_kunci!$B:$H,7,FALSE) -> #N/A
A173: C | B173: 10211 | C173: PENGOLAHAN DAN PENGAWETAN IKAN DENGAN PENGGARAMAN ATAU | D173: =VLOOKUP(Table13[[#This Row],[kbli5]],Table1[[#All],[kbli5]:[digital_hijau]],3,) -> #N/A | E173: =VLOOKUP(Table13[[#This Row],[kbli5]],kata_kunci!$B:$H,4,FALSE) -> #N/A | F173: =VLOOKUP(Table13[[#This Row],[kbli5]],Table1[[#All],[kbli5]:[digital_hijau]],5,) -> #N/A | G173: =VLOOKUP(Table13[[#This Row],[kbli5]],Table1[[#All],[kbli5]:[digital_hijau]],6,) -> #N/A | H173: =VLOOKUP(Table13[[#This Row],[kbli5]],kata_kunci!$B:$H,3,FALSE) -> #N/A | I173: =VLOOKUP(Table13[[#This Row],[kbli5]],kata_kunci!$B:$H,5,FALSE) -> #N/A | J173: =VLOOKUP(Table13[[#This Row],[kbli5]],kata_kunci!$B:$H,6,FALSE) -> #N/A | K173: =VLOOKUP(Table13[[#This Row],[kbli5]],kata_kunci!$B:$H,7,FALSE) -> #N/A
A174: C | B174: 10212 | C174: PENGOLAHAN DAN PENGAWETAN IKAN DENGAN PENGASAPAN ATAU | D174: =VLOOKUP(Table13[[#This Row],[kbli5]],Table1[[#All],[kbli5]:[digital_hijau]],3,) -> #N/A | E174: =VLOOKUP(Table13[[#This Row],[kbli5]],kata_kunci!$B:$H,4,FALSE) -> #N/A | F174: =VLOOKUP(Table13[[#This Row],[kbli5]],Table1[[#All],[kbli5]:[digital_hijau]],5,) -> #N/A | G174: =VLOOKUP(Table13[[#This Row],[kbli5]],Table1[[#All],[kbli5]:[digital_hijau]],6,) -> #N/A | H174: =VLOOKUP(Table13[[#This Row],[kbli5]],kata_kunci!$B:$H,3,FALSE) -> #N/A | I174: =VLOOKUP(Table13[[#This Row],[kbli5]],kata_kunci!$B:$H,5,FALSE) -> #N/A | J174: =VLOOKUP(Table13[[#This Row],[kbli5]],kata_kunci!$B:$H,6,FALSE) -> #N/A | K174: =VLOOKUP(Table13[[#This Row],[kbli5]],kata_kunci!$B:$H,7,FALSE) -> #N/A
A175: C | B175: 10213 | C175: PENGOLAHAN DAN PENGAWETAN IKAN DENGAN PEMBEKUAN | D175: =VLOOKUP(Table13[[#This Row],[kbli5]],Table1[[#All],[kbli5]:[digital_hijau]],3,) -> #N/A | E175: =VLOOKUP(Table13[[#This Row],[kbli5]],kata_kunci!$B:$H,4,FALSE) -> #N/A | F175: =VLOOKUP(Table13[[#This Row],[kbli5]],Table1[[#All],[kbli5]:[digital_hijau]],5,) -> #N/A | G175: =VLOOKUP(Table13[[#This Row],[kbli5]],Table1[[#All],[kbli5]:[digital_hijau]],6,) -> #N/A | H175: =VLOOKUP(Table13[[#This Row],[kbli5]],kata_kunci!$B:$H,3,FALSE) -> #N/A | I175: =VLOOKUP(Table13[[#This Row],[kbli5]],kata_kunci!$B:$H,5,FALSE) -> #N/A | J175: =VLOOKUP(Table13[[#This Row],[kbli5]],kata_kunci!$B:$H,6,FALSE) -> #N/A | K175: =VLOOKUP(Table13[[#This Row],[kbli5]],kata_kunci!$B:$H,7,FALSE) -> #N/A
A176: C | B176: 10214 | C176: PENGOLAHAN DAN PENGAWETAN IKAN DENGAN PEMINDANGAN | D176: =VLOOKUP(Table13[[#This Row],[kbli5]],Table1[[#All],[kbli5]:[digital_hijau]],3,) -> #N/A | E176: =VLOOKUP(Table13[[#This Row],[kbli5]],kata_kunci!$B:$H,4,FALSE) -> #N/A | F176: =VLOOKUP(Table13[[#This Row],[kbli5]],Table1[[#All],[kbli5]:[digital_hijau]],5,) -> #N/A | G176: =VLOOKUP(Table13[[#This Row],[kbli5]],Table1[[#All],[kbli5]:[digital_hijau]],6,) -> #N/A | H176: =VLOOKUP(Table13[[#This Row],[kbli5]],kata_kunci!$B:$H,3,FALSE) -> #N/A | I176: =VLOOKUP(Table13[[#This Row],[kbli5]],kata_kunci!$B:$H,5,FALSE) -> #N/A | J176: =VLOOKUP(Table13[[#This Row],[kbli5]],kata_kunci!$B:$H,6,FALSE) -> #N/A | K176: =VLOOKUP(Table13[[#This Row],[kbli5]],kata_kunci!$B:$H,7,FALSE) -> #N/A
A177: C | B177: 10215 | C177: PENGOLAHAN DAN PENGAWETAN IKAN DENGAN FERMENTASI | D177: =VLOOKUP(Table13[[#This Row],[kbli5]],Table1[[#All],[kbli5]:[digital_hijau]],3,) -> #N/A | E177: =VLOOKUP(Table13[[#This Row],[kbli5]],kata_kunci!$B:$H,4,FALSE) -> #N/A | F177: =VLOOKUP(Table13[[#This Row],[kbli5]],Table1[[#All],[kbli5]:[digital_hijau]],5,) -> #N/A | G177: =VLOOKUP(Table13[[#This Row],[kbli5]],Table1[[#All],[kbli5]:[digital_hijau]],6,) -> #N/A | H177: =VLOOKUP(Table13[[#This Row],[kbli5]],kata_kunci!$B:$H,3,FALSE) -> #N/A | I177: =VLOOKUP(Table13[[#This Row],[kbli5]],kata_kunci!$B:$H,5,FALSE) -> #N/A | J177: =VLOOKUP(Table13[[#This Row],[kbli5]],kata_kunci!$B:$H,6,FALSE) -> #N/A | K177: =VLOOKUP(Table13[[#This Row],[kbli5]],kata_kunci!$B:$H,7,FALSE) -> #N/A
A178: C | B178: 10216 | C178: PENGOLAHAN DAN PENGAWETAN IKAN DENGAN PELUMATAN | D178: =VLOOKUP(Table13[[#This Row],[kbli5]],Table1[[#All],[kbli5]:[digital_hijau]],3,) -> #N/A | E178: =VLOOKUP(Table13[[#This Row],[kbli5]],kata_kunci!$B:$H,4,FALSE) -> #N/A | F178: =VLOOKUP(Table13[[#This Row],[kbli5]],Table1[[#All],[kbli5]:[digital_hijau]],5,) -> #N/A | G178: =VLOOKUP(Table13[[#This Row],[kbli5]],Table1[[#All],[kbli5]:[digital_hijau]],6,) -> #N/A | H178: =VLOOKUP(Table13[[#This Row],[kbli5]],kata_kunci!$B:$H,3,FALSE) -> #N/A | I178: =VLOOKUP(Table13[[#This Row],[kbli5]],kata_kunci!$B:$H,5,FALSE) -> #N/A | J178: =VLOOKUP(Table13[[#This Row],[kbli5]],kata_kunci!$B:$H,6,FALSE) -> #N/A | K178: =VLOOKUP(Table13[[#This Row],[kbli5]],kata_kunci!$B:$H,7,FALSE) -> #N/A
A179: C | B179: 10217 | C179: PENGOLAHAN DAN PENGAWETAN IKAN DENGAN PENGALENGAN | D179: =VLOOKUP(Table13[[#This Row],[kbli5]],Table1[[#All],[kbli5]:[digital_hijau]],3,) -> #N/A | E179: =VLOOKUP(Table13[[#This Row],[kbli5]],kata_kunci!$B:$H,4,FALSE) -> #N/A | F179: =VLOOKUP(Table13[[#This Row],[kbli5]],Table1[[#All],[kbli5]:[digital_hijau]],5,) -> #N/A | G179: =VLOOKUP(Table13[[#This Row],[kbli5]],Table1[[#All],[kbli5]:[digital_hijau]],6,) -> #N/A | H179: =VLOOKUP(Table13[[#This Row],[kbli5]],kata_kunci!$B:$H,3,FALSE) -> #N/A | I179: =VLOOKUP(Table13[[#This Row],[kbli5]],kata_kunci!$B:$H,5,FALSE) -> #N/A | J179: =VLOOKUP(Table13[[#This Row],[kbli5]],kata_kunci!$B:$H,6,FALSE) -> #N/A | K179: =VLOOKUP(Table13[[#This Row],[kbli5]],kata_kunci!$B:$H,7,FALSE) -> #N/A
... A397: C | B397: 20296 | C397: INDUSTRI MINYAK ASIRI RANTAI TENGAH | D397: =VLOOKUP(Table13[[#This Row],[kbli5]],Table1[[#All],[kbli5]:[digital_hijau]],3,) -> #N/A | E397: =VLOOKUP(Table13[[#This Row],[kbli5]],kata_kunci!$B:$H,4,FALSE) -> #N/A | F397: =VLOOKUP(Table13[[#This Row],[kbli5]],Table1[[#All],[kbli5]:[digital_hijau]],5,) -> #N/A | G397: =VLOOKUP(Table13[[#This Row],[kbli5]],Table1[[#All],[kbli5]:[digital_hijau]],6,) -> #N/A | H397: =VLOOKUP(Table13[[#This Row],[kbli5]],kata_kunci!$B:$H,3,FALSE) -> #N/A | I397: =VLOOKUP(Table13[[#This Row],[kbli5]],kata_kunci!$B:$H,5,FALSE) -> #N/A | J397: =VLOOKUP(Table13[[#This Row],[kbli5]],kata_kunci!$B:$H,6,FALSE) -> #N/A | K397: =VLOOKUP(Table13[[#This Row],[kbli5]],kata_kunci!$B:$H,7,FALSE) -> #N/A
A398: C | B398: 20297 | C398: INDUSTRI BIOFUEL CAIR | D398: =VLOOKUP(Table13[[#This Row],[kbli5]],Table1[[#All],[kbli5]:[digital_hijau]],3,) -> #N/A | E398: =VLOOKUP(Table13[[#This Row],[kbli5]],kata_kunci!$B:$H,4,FALSE) -> #N/A | F398: =VLOOKUP(Table13[[#This Row],[kbli5]],Table1[[#All],[kbli5]:[digital_hijau]],5,) -> #N/A | G398: Ekonomi Hijau; | H398: =VLOOKUP(Table13[[#This Row],[kbli5]],kata_kunci!$B:$H,3,FALSE) -> #N/A | I398: =VLOOKUP(Table13[[#This Row],[kbli5]],kata_kunci!$B:$H,5,FALSE) -> #N/A | J398: =VLOOKUP(Table13[[#This Row],[kbli5]],kata_kunci!$B:$H,6,FALSE) -> #N/A | K398: =VLOOKUP(Table13[[#This Row],[kbli5]],kata_kunci!$B:$H,7,FALSE) -> #N/A
A399: C | B399: 20298 | C399: INDUSTRI CAIRAN ROKOK ELEKTRIK | D399: =VLOOKUP(Table13[[#This Row],[kbli5]],Table1[[#All],[kbli5]:[digital_hijau]],3,) -> #N/A | E399: =VLOOKUP(Table13[[#This Row],[kbli5]],kata_kunci!$B:$H,4,FALSE) -> #N/A | F399: =VLOOKUP(Table13[[#This Row],[kbli5]],Table1[[#All],[kbli5]:[digital_hijau]],5,) -> #N/A | G399: =VLOOKUP(Table13[[#This Row],[kbli5]],Table1[[#All],[kbli5]:[digital_hijau]],6,) -> #N/A | H399: =VLOOKUP(Table13[[#This Row],[kbli5]],kata_kunci!$B:$H,3,FALSE) -> #N/A | I399: =VLOOKUP(Table13[[#This Row],[kbli5]],kata_kunci!$B:$H,5,FALSE) -> #N/A | J399: =VLOOKUP(Table13[[#This Row],[kbli5]],kata_kunci!$B:$H,6,FALSE) -> #N/A | K399: =VLOOKUP(Table13[[#This Row],[kbli5]],kata_kunci!$B:$H,7,FALSE) -> #N/A
A400: C | B400: 20299 | C400: INDUSTRI BARANG KIMIA LAINNYA YTDL | D400: =VLOOKUP(Table13[[#This Row],[kbli5]],Table1[[#All],[kbli5]:[digital_hijau]],3,) -> #N/A | E400: =VLOOKUP(Table13[[#This Row],[kbli5]],kata_kunci!$B:$H,4,FALSE) -> #N/A | F400: =VLOOKUP(Table13[[#This Row],[kbli5]],Table1[[#All],[kbli5]:[digital_hijau]],5,) -> #N/A | G400: Ekonomi Hijau; | H400: =VLOOKUP(Table13[[#This Row],[kbli5]],kata_kunci!$B:$H,3,FALSE) -> #N/A | I400: =VLOOKUP(Table13[[#This Row],[kbli5]],kata_kunci!$B:$H,5,FALSE) -> #N/A | J400: =VLOOKUP(Table13[[#This Row],[kbli5]],kata_kunci!$B:$H,6,FALSE) -> #N/A | K400: =VLOOKUP(Table13[[#This Row],[kbli5]],kata_kunci!$B:$H,7,FALSE) -> #N/A
A401: C | B401: 20301 | C401: INDUSTRI SERAT FILAMEN DAN STRIP BUATAN | D401: =VLOOKUP(Table13[[#This Row],[kbli5]],Table1[[#All],[kbli5]:[digital_hijau]],3,) -> #N/A | E401: =VLOOKUP(Table13[[#This Row],[kbli5]],kata_kunci!$B:$H,4,FALSE) -> #N/A | F401: =VLOOKUP(Table13[[#This Row],[kbli5]],Table1[[#All],[kbli5]:[digital_hijau]],5,) -> #N/A | G401: =VLOOKUP(Table13[[#This Row],[kbli5]],Table1[[#All],[kbli5]:[digital_hijau]],6,) -> #N/A | H401: =VLOOKUP(Table13[[#This Row],[kbli5]],kata_kunci!$B:$H,3,FALSE) -> #N/A | I401: =VLOOKUP(Table13[[#This Row],[kbli5]],kata_kunci!$B:$H,5,FALSE) -> #N/A | J401: =VLOOKUP(Table13[[#This Row],[kbli5]],kata_kunci!$B:$H,6,FALSE) -> #N/A | K401: =VLOOKUP(Table13[[#This Row],[kbli5]],kata_kunci!$B:$H,7,FALSE) -> #N/A
A402: C | B402: 20302 | C402: INDUSTRI SERAT STAPEL BUATAN | D402: =VLOOKUP(Table13[[#This Row],[kbli5]],Table1[[#All],[kbli5]:[digital_hijau]],3,) -> #N/A | E402: =VLOOKUP(Table13[[#This Row],[kbli5]],kata_kunci!$B:$H,4,FALSE) -> #N/A | F402: =VLOOKUP(Table13[[#This Row],[kbli5]],Table1[[#All],[kbli5]:[digital_hijau]],5,) -> #N/A | G402: =VLOOKUP(Table13[[#This Row],[kbli5]],Table1[[#All],[kbli5]:[digital_hijau]],6,) -> #N/A | H402: =VLOOKUP(Table13[[#This Row],[kbli5]],kata_kunci!$B:$H,3,FALSE) -> #N/A | I402: =VLOOKUP(Table13[[#This Row],[kbli5]],kata_kunci!$B:$H,5,FALSE) -> #N/A | J402: =VLOOKUP(Table13[[#This Row],[kbli5]],kata_kunci!$B:$H,6,FALSE) -> #N/A | K402: =VLOOKUP(Table13[[#This Row],[kbli5]],kata_kunci!$B:$H,7,FALSE) -> #N/A
A403: C | B403: 21011 | C403: INDUSTRI BAHAN BAKU FARMASI UNTUK MANUSIA | D403: =VLOOKUP(Table13[[#This Row],[kbli5]],Table1[[#All],[kbli5]:[digital_hijau]],3,) -> #N/A | E403: =VLOOKUP(Table13[[#This Row],[kbli5]],kata_kunci!$B:$H,4,FALSE) -> #N/A | F403: =VLOOKUP(Table13[[#This Row],[kbli5]],Table1[[#All],[kbli5]:[digital_hijau]],5,) -> #N/A | G403: =VLOOKUP(Table13[[#This Row],[kbli5]],Table1[[#All],[kbli5]:[digital_hijau]],6,) -> #N/A | H403: =VLOOKUP(Table13[[#This Row],[kbli5]],kata_kunci!$B:$H,3,FALSE) -> #N/A | I403: =VLOOKUP(Table13[[#This Row],[kbli5]],kata_kunci!$B:$H,5,FALSE) -> #N/A | J403: =VLOOKUP(Table13[[#This Row],[kbli5]],kata_kunci!$B:$H,6,FALSE) -> #N/A | K403: =VLOOKUP(Table13[[#This Row],[kbli5]],kata_kunci!$B:$H,7,FALSE) -> #N/A
A404: C | B404: 21012 | C404: INDUSTRI PRODUK FARMASI UNTUK MANUSIA | D404: =VLOOKUP(Table13[[#This Row],[kbli5]],Table1[[#All],[kbli5]:[digital_hijau]],3,) -> #N/A | E404: =VLOOKUP(Table13[[#This Row],[kbli5]],kata_kunci!$B:$H,4,FALSE) -> #N/A | F404: =VLOOKUP(Table13[[#This Row],[kbli5]],Table1[[#All],[kbli5]:[digital_hijau]],5,) -> #N/A | G404: =VLOOKUP(Table13[[#This Row],[kbli5]],Table1[[#All],[kbli5]:[digital_hijau]],6,) -> #N/A | H404: =VLOOKUP(Table13[[#This Row],[kbli5]],kata_kunci!$B:$H,3,FALSE) -> #N/A | I404: =VLOOKUP(Table13[[#This Row],[kbli5]],kata_kunci!$B:$H,5,FALSE) -> #N/A | J404: =VLOOKUP(Table13[[#This Row],[kbli5]],kata_kunci!$B:$H,6,FALSE) -> #N/A | K404: =VLOOKUP(Table13[[#This Row],[kbli5]],kata_kunci!$B:$H,7,FALSE) -> #N/A
A405: C | B405: 21013 | C405: INDUSTRI PRODUK FARMASI UNTUK HEWAN | D405: =VLOOKUP(Table13[[#This Row],[kbli5]],Table1[[#All],[kbli5]:[digital_hijau]],3,) -> #N/A | E405: =VLOOKUP(Table13[[#This Row],[kbli5]],kata_kunci!$B:$H,4,FALSE) -> #N/A | F405: =VLOOKUP(Table13[[#This Row],[kbli5]],Table1[[#All],[kbli5]:[digital_hijau]],5,) -> #N/A | G405: =VLOOKUP(Table13[[#This Row],[kbli5]],Table1[[#All],[kbli5]:[digital_hijau]],6,) -> #N/A | H405: =VLOOKUP(Table13[[#This Row],[kbli5]],kata_kunci!$B:$H,3,FALSE) -> #N/A | I405: =VLOOKUP(Table13[[#This Row],[kbli5]],kata_kunci!$B:$H,5,FALSE) -> #N/A | J405: =VLOOKUP(Table13[[#This Row],[kbli5]],kata_kunci!$B:$H,6,FALSE) -> #N/A | K405: =VLOOKUP(Table13[[#This Row],[kbli5]],kata_kunci!$B:$H,7,FALSE) -> #N/A
A406: C | B406: 21014 | C406: INDUSTRI BAHAN BAKU FARMASI UNTUK HEWAN | D406: =VLOOKUP(Table13[[#This Row],[kbli5]],Table1[[#All],[kbli5]:[digital_hijau]],3,) -> #N/A | E406: =VLOOKUP(Table13[[#This Row],[kbli5]],kata_kunci!$B:$H,4,FALSE) -> #N/A | F406: =VLOOKUP(Table13[[#This Row],[kbli5]],Table1[[#All],[kbli5]:[digital_hijau]],5,) -> #N/A | G406: =VLOOKUP(Table13[[#This Row],[kbli5]],Table1[[#All],[kbli5]:[digital_hijau]],6,) -> #N/A | H406: =VLOOKUP(Table13[[#This Row],[kbli5]],kata_kunci!$B:$H,3,FALSE) -> #N/A | I406: =VLOOKUP(Table13[[#This Row],[kbli5]],kata_kunci!$B:$H,5,FALSE) -> #N/A | J406: =VLOOKUP(Table13[[#This Row],[kbli5]],kata_kunci!$B:$H,6,FALSE) -> #N/A | K406: =VLOOKUP(Table13[[#This Row],[kbli5]],kata_kunci!$B:$H,7,FALSE) -> #N/A
A407: C | B407: 21015 | C407: INDUSTRI ALAT DIAGNOSIS MEDIS, PERBAN, KASA, DAN PENUNJANG | D407: =VLOOKUP(Table13[[#This Row],[kbli5]],Table1[[#All],[kbli5]:[digital_hijau]],3,) -> #N/A | E407: =VLOOKUP(Table13[[#This Row],[kbli5]],kata_kunci!$B:$H,4,FALSE) -> #N/A | F407: =VLOOKUP(Table13[[#This Row],[kbli5]],Table1[[#All],[kbli5]:[digital_hijau]],5,) -> #N/A | G407: =VLOOKUP(Table13[[#This Row],[kbli5]],Table1[[#All],[kbli5]:[digital_hijau]],6,) -> #N/A | H407: =VLOOKUP(Table13[[#This Row],[kbli5]],kata_kunci!$B:$H,3,FALSE) -> #N/A | I407: =VLOOKUP(Table13[[#This Row],[kbli5]],kata_kunci!$B:$H,5,FALSE) -> #N/A | J407: =VLOOKUP(Table13[[#This Row],[kbli5]],kata_kunci!$B:$H,6,FALSE) -> #N/A | K407: =VLOOKUP(Table13[[#This Row],[kbli5]],kata_kunci!$B:$H,7,FALSE) -> #N/A
A408: C | B408: 21021 | C408: INDUSTRI BAHAN BAKU OBAT BAHAN ALAM UNTUK MANUSIA | D408: =VLOOKUP(Table13[[#This Row],[kbli5]],Table1[[#All],[kbli5]:[digital_hijau]],3,) -> #N/A | E408: =VLOOKUP(Table13[[#This Row],[kbli5]],kata_kunci!$B:$H,4,FALSE) -> #N/A | F408: =VLOOKUP(Table13[[#This Row],[kbli5]],Table1[[#All],[kbli5]:[digital_hijau]],5,) -> #N/A | G408: =VLOOKUP(Table13[[#This Row],[kbli5]],Table1[[#All],[kbli5]:[digital_hijau]],6,) -> #N/A | H408: =VLOOKUP(Table13[[#This Row],[kbli5]],kata_kunci!$B:$H,3,FALSE) -> #N/A | I408: =VLOOKUP(Table13[[#This Row],[kbli5]],kata_kunci!$B:$H,5,FALSE) -> #N/A | J408: =VLOOKUP(Table13[[#This Row],[kbli5]],kata_kunci!$B:$H,6,FALSE) -> #N/A | K408: =VLOOKUP(Table13[[#This Row],[kbli5]],kata_kunci!$B:$H,7,FALSE) -> #N/A
A409: C | B409: 21022 | C409: INDUSTRI PRODUK OBAT BAHAN ALAM UNTUK MANUSIA | D409: =VLOOKUP(Table13[[#This Row],[kbli5]],Table1[[#All],[kbli5]:[digital_hijau]],3,) -> #N/A | E409: =VLOOKUP(Table13[[#This Row],[kbli5]],kata_kunci!$B:$H,4,FALSE) -> #N/A | F409: =VLOOKUP(Table13[[#This Row],[kbli5]],Table1[[#All],[kbli5]:[digital_hijau]],5,) -> #N/A | G409: =VLOOKUP(Table13[[#This Row],[kbli5]],Table1[[#All],[kbli5]:[digital_hijau]],6,) -> #N/A | H409: =VLOOKUP(Table13[[#This Row],[kbli5]],kata_kunci!$B:$H,3,FALSE) -> #N/A | I409: =VLOOKUP(Table13[[#This Row],[kbli5]],kata_kunci!$B:$H,5,FALSE) -> #N/A | J409: =VLOOKUP(Table13[[#This Row],[kbli5]],kata_kunci!$B:$H,6,FALSE) -> #N/A | K409: =VLOOKUP(Table13[[#This Row],[kbli5]],kata_kunci!$B:$H,7,FALSE) -> #N/A
A410: C | B410: 21023 | C410: INDUSTRI PRODUK OBAT BAHAN ALAM UNTUK HEWAN | D410: =VLOOKUP(Table13[[#This Row],[kbli5]],Table1[[#All],[kbli5]:[digital_hijau]],3,) -> #N/A | E410: =VLOOKUP(Table13[[#This Row],[kbli5]],kata_kunci!$B:$H,4,FALSE) -> #N/A | F410: =VLOOKUP(Table13[[#This Row],[kbli5]],Table1[[#All],[kbli5]:[digital_hijau]],5,) -> #N/A | G410: =VLOOKUP(Table13[[#This Row],[kbli5]],Table1[[#All],[kbli5]:[digital_hijau]],6,) -> #N/A | H410: =VLOOKUP(Table13[[#This Row],[kbli5]],kata_kunci!$B:$H,3,FALSE) -> #N/A | I410: =VLOOKUP(Table13[[#This Row],[kbli5]],kata_kunci!$B:$H,5,FALSE) -> #N/A | J410: =VLOOKUP(Table13[[#This Row],[kbli5]],kata_kunci!$B:$H,6,FALSE) -> #N/A | K410: =VLOOKUP(Table13[[#This Row],[kbli5]],kata_kunci!$B:$H,7,FALSE) -> #N/A
A411: C | B411: 21024 | C411: INDUSTRI BAHAN BAKU OBAT BAHAN ALAM UNTUK HEWAN | D411: =VLOOKUP(Table13[[#This Row],[kbli5]],Table1[[#All],[kbli5]:[digital_hijau]],3,) -> #N/A | E411: =VLOOKUP(Table13[[#This Row],[kbli5]],kata_kunci!$B:$H,4,FALSE) -> #N/A | F411: =VLOOKUP(Table13[[#This Row],[kbli5]],Table1[[#All],[kbli5]:[digital_hijau]],5,) -> #N/A | G411: =VLOOKUP(Table13[[#This Row],[kbli5]],Table1[[#All],[kbli5]:[digital_hijau]],6,) -> #N/A | H411: =VLOOKUP(Table13[[#This Row],[kbli5]],kata_kunci!$B:$H,3,FALSE) -> #N/A | I411: =VLOOKUP(Table13[[#This Row],[kbli5]],kata_kunci!$B:$H,5,FALSE) -> #N/A | J411: =VLOOKUP(Table13[[#This Row],[kbli5]],kata_kunci!$B:$H,6,FALSE) -> #N/A | K411: =VLOOKUP(Table13[[#This Row],[kbli5]],kata_kunci!$B:$H,7,FALSE) -> #N/A
A412: C | B412: 22111 | C412: INDUSTRI BAN LUAR DAN BAN DALAM | D412: =VLOOKUP(Table13[[#This Row],[kbli5]],Table1[[#All],[kbli5]:[digital_hijau]],3,) -> #N/A | E412: =VLOOKUP(Table13[[#This Row],[kbli5]],kata_kunci!$B:$H,4,FALSE) -> #N/A | F412: =VLOOKUP(Table13[[#This Row],[kbli5]],Table1[[#All],[kbli5]:[digital_hijau]],5,) -> #N/A | G412: =VLOOKUP(Table13[[#This Row],[kbli5]],Table1[[#All],[kbli5]:[digital_hijau]],6,) -> #N/A | H412: =VLOOKUP(Table13[[#This Row],[kbli5]],kata_kunci!$B:$H,3,FALSE) -> #N/A | I412: =VLOOKUP(Table13[[#This Row],[kbli5]],kata_kunci!$B:$H,5,FALSE) -> #N/A | J412: =VLOOKUP(Table13[[#This Row],[kbli5]],kata_kunci!$B:$H,6,FALSE) -> #N/A | K412: =VLOOKUP(Table13[[#This Row],[kbli5]],kata_kunci!$B:$H,7,FALSE) -> #N/A
... A422: C | B422: 22199 | C422: INDUSTRI BARANG LAINNYA DARI KARET YTDL | D422: =VLOOKUP(Table13[[#This Row],[kbli5]],Table1[[#All],[kbli5]:[digital_hijau]],3,) -> #N/A | E422: =VLOOKUP(Table13[[#This Row],[kbli5]],kata_kunci!$B:$H,4,FALSE) -> #N/A | F422: =VLOOKUP(Table13[[#This Row],[kbli5]],Table1[[#All],[kbli5]:[digital_hijau]],5,) -> #N/A | G422: =VLOOKUP(Table13[[#This Row],[kbli5]],Table1[[#All],[kbli5]:[digital_hijau]],6,) -> #N/A | H422: =VLOOKUP(Table13[[#This Row],[kbli5]],kata_kunci!$B:$H,3,FALSE) -> #N/A | I422: =VLOOKUP(Table13[[#This Row],[kbli5]],kata_kunci!$B:$H,5,FALSE) -> #N/A | J422: =VLOOKUP(Table13[[#This Row],[kbli5]],kata_kunci!$B:$H,6,FALSE) -> #N/A | K422: =VLOOKUP(Table13[[#This Row],[kbli5]],kata_kunci!$B:$H,7,FALSE) -> #N/A
A423: C | B423: 22201 | C423: INDUSTRI BARANG DARI PLASTIK UNTUK BANGUNAN | D423: =VLOOKUP(Table13[[#This Row],[kbli5]],Table1[[#All],[kbli5]:[digital_hijau]],3,) -> #N/A | E423: =VLOOKUP(Table13[[#This Row],[kbli5]],kata_kunci!$B:$H,4,FALSE) -> #N/A | F423: =VLOOKUP(Table13[[#This Row],[kbli5]],Table1[[#All],[kbli5]:[digital_hijau]],5,) -> #N/A | G423: Ekonomi Hijau; | H423: =VLOOKUP(Table13[[#This Row],[kbli5]],kata_kunci!$B:$H,3,FALSE) -> #N/A | I423: =VLOOKUP(Table13[[#This Row],[kbli5]],kata_kunci!$B:$H,5,FALSE) -> #N/A | J423: =VLOOKUP(Table13[[#This Row],[kbli5]],kata_kunci!$B:$H,6,FALSE) -> #N/A | K423: =VLOOKUP(Table13[[#This Row],[kbli5]],kata_kunci!$B:$H,7,FALSE) -> #N/A
A424: C | B424: 22202 | C424: INDUSTRI BARANG DARI PLASTIK DAN BIOPLASTIK UNTUK | D424: =VLOOKUP(Table13[[#This Row],[kbli5]],Table1[[#All],[kbli5]:[digital_hijau]],3,) -> #N/A | E424: =VLOOKUP(Table13[[#This Row],[kbli5]],kata_kunci!$B:$H,4,FALSE) -> #N/A | F424: =VLOOKUP(Table13[[#This Row],[kbli5]],Table1[[#All],[kbli5]:[digital_hijau]],5,) -> #N/A | G424: =VLOOKUP(Table13[[#This Row],[kbli5]],Table1[[#All],[kbli5]:[digital_hijau]],6,) -> #N/A | H424: =VLOOKUP(Table13[[#This Row],[kbli5]],kata_kunci!$B:$H,3,FALSE) -> #N/A | I424: =VLOOKUP(Table13[[#This Row],[kbli5]],kata_kunci!$B:$H,5,FALSE) -> #N/A | J424: =VLOOKUP(Table13[[#This Row],[kbli5]],kata_kunci!$B:$H,6,FALSE) -> #N/A | K424: =VLOOKUP(Table13[[#This Row],[kbli5]],kata_kunci!$B:$H,7,FALSE) -> #N/A
A425: C | B425: 22203 | C425: INDUSTRI PIPA PLASTIK DAN PERLENGKAPANNYA | D425: =VLOOKUP(Table13[[#This Row],[kbli5]],Table1[[#All],[kbli5]:[digital_hijau]],3,) -> #N/A | E425: =VLOOKUP(Table13[[#This Row],[kbli5]],kata_kunci!$B:$H,4,FALSE) -> #N/A | F425: =VLOOKUP(Table13[[#This Row],[kbli5]],Table1[[#All],[kbli5]:[digital_hijau]],5,) -> #N/A | G425: =VLOOKUP(Table13[[#This Row],[kbli5]],Table1[[#All],[kbli5]:[digital_hijau]],6,) -> #N/A | H425: =VLOOKUP(Table13[[#This Row],[kbli5]],kata_kunci!$B:$H,3,FALSE) -> #N/A | I425: =VLOOKUP(Table13[[#This Row],[kbli5]],kata_kunci!$B:$H,5,FALSE) -> #N/A | J425: =VLOOKUP(Table13[[#This Row],[kbli5]],kata_kunci!$B:$H,6,FALSE) -> #N/A | K425: =VLOOKUP(Table13[[#This Row],[kbli5]],kata_kunci!$B:$H,7,FALSE) -> #N/A
A426: C | B426: 22204 | C426: INDUSTRI PLASTIK LEMBARAN | D426: =VLOOKUP(Table13[[#This Row],[kbli5]],Table1[[#All],[kbli5]:[digital_hijau]],3,) -> #N/A | E426: =VLOOKUP(Table13[[#This Row],[kbli5]],kata_kunci!$B:$H,4,FALSE) -> #N/A | F426: =VLOOKUP(Table13[[#This Row],[kbli5]],Table1[[#All],[kbli5]:[digital_hijau]],5,) -> #N/A | G426: =VLOOKUP(Table13[[#This Row],[kbli5]],Table1[[#All],[kbli5]:[digital_hijau]],6,) -> #N/A | H426: =VLOOKUP(Table13[[#This Row],[kbli5]],kata_kunci!$B:$H,3,FALSE) -> #N/A | I426: =VLOOKUP(Table13[[#This Row],[kbli5]],kata_kunci!$B:$H,5,FALSE) -> #N/A | J426: =VLOOKUP(Table13[[#This Row],[kbli5]],kata_kunci!$B:$H,6,FALSE) -> #N/A | K426: =VLOOKUP(Table13[[#This Row],[kbli5]],kata_kunci!$B:$H,7,FALSE) -> #N/A
A427: C | B427: 22205 | C427: INDUSTRI PERLENGKAPAN DAN PERALATAN RUMAH TANGGA DARI | D427: =VLOOKUP(Table13[[#This Row],[kbli5]],Table1[[#All],[kbli5]:[digital_hijau]],3,) -> #N/A | E427: =VLOOKUP(Table13[[#This Row],[kbli5]],kata_kunci!$B:$H,4,FALSE) -> #N/A | F427: =VLOOKUP(Table13[[#This Row],[kbli5]],Table1[[#All],[kbli5]:[digital_hijau]],5,) -> #N/A | G427: =VLOOKUP(Table13[[#This Row],[kbli5]],Table1[[#All],[kbli5]:[digital_hijau]],6,) -> #N/A | H427: =VLOOKUP(Table13[[#This Row],[kbli5]],kata_kunci!$B:$H,3,FALSE) -> #N/A | I427: =VLOOKUP(Table13[[#This Row],[kbli5]],kata_kunci!$B:$H,5,FALSE) -> #N/A | J427: =VLOOKUP(Table13[[#This Row],[kbli5]],kata_kunci!$B:$H,6,FALSE) -> #N/A | K427: =VLOOKUP(Table13[[#This Row],[kbli5]],kata_kunci!$B:$H,7,FALSE) -> #N/A
A428: C | B428: 22206 | C428: INDUSTRI BARANG DAN PERALATAN TEKNIK/INDUSTRI DARI PLASTIK | D428: =VLOOKUP(Table13[[#This Row],[kbli5]],Table1[[#All],[kbli5]:[digital_hijau]],3,) -> #N/A | E428: =VLOOKUP(Table13[[#This Row],[kbli5]],kata_kunci!$B:$H,4,FALSE) -> #N/A | F428: =VLOOKUP(Table13[[#This Row],[kbli5]],Table1[[#All],[kbli5]:[digital_hijau]],5,) -> #N/A | G428: =VLOOKUP(Table13[[#This Row],[kbli5]],Table1[[#All],[kbli5]:[digital_hijau]],6,) -> #N/A | H428: =VLOOKUP(Table13[[#This Row],[kbli5]],kata_kunci!$B:$H,3,FALSE) -> #N/A | I428: =VLOOKUP(Table13[[#This Row],[kbli5]],kata_kunci!$B:$H,5,FALSE) -> #N/A | J428: =VLOOKUP(Table13[[#This Row],[kbli5]],kata_kunci!$B:$H,6,FALSE) -> #N/A | K428: =VLOOKUP(Table13[[#This Row],[kbli5]],kata_kunci!$B:$H,7,FALSE) -> #N/A
A429: C | B429: 22209 | C429: INDUSTRI BARANG LAINNYA DARI PLASTIK | D429: =VLOOKUP(Table13[[#This Row],[kbli5]],Table1[[#All],[kbli5]:[digital_hijau]],3,) -> #N/A | E429: =VLOOKUP(Table13[[#This Row],[kbli5]],kata_kunci!$B:$H,4,FALSE) -> #N/A | F429: =VLOOKUP(Table13[[#This Row],[kbli5]],Table1[[#All],[kbli5]:[digital_hijau]],5,) -> #N/A | G429: =VLOOKUP(Table13[[#This Row],[kbli5]],Table1[[#All],[kbli5]:[digital_hijau]],6,) -> #N/A | H429: =VLOOKUP(Table13[[#This Row],[kbli5]],kata_kunci!$B:$H,3,FALSE) -> #N/A | I429: =VLOOKUP(Table13[[#This Row],[kbli5]],kata_kunci!$B:$H,5,FALSE) -> #N/A | J429: =VLOOKUP(Table13[[#This Row],[kbli5]],kata_kunci!$B:$H,6,FALSE) -> #N/A | K429: =VLOOKUP(Table13[[#This Row],[kbli5]],kata_kunci!$B:$H,7,FALSE) -> #N/A
A430: C | B430: 23111 | C430: INDUSTRI KACA LEMBARAN | D430: =VLOOKUP(Table13[[#This Row],[kbli5]],Table1[[#All],[kbli5]:[digital_hijau]],3,) -> #N/A | E430: =VLOOKUP(Table13[[#This Row],[kbli5]],kata_kunci!$B:$H,4,FALSE) -> #N/A | F430: =VLOOKUP(Table13[[#This Row],[kbli5]],Table1[[#All],[kbli5]:[digital_hijau]],5,) -> #N/A | G430: =VLOOKUP(Table13[[#This Row],[kbli5]],Table1[[#All],[kbli5]:[digital_hijau]],6,) -> #N/A | H430: =VLOOKUP(Table13[[#This Row],[kbli5]],kata_kunci!$B:$H,3,FALSE) -> #N/A | I430: =VLOOKUP(Table13[[#This Row],[kbli5]],kata_kunci!$B:$H,5,FALSE) -> #N/A | J430: =VLOOKUP(Table13[[#This Row],[kbli5]],kata_kunci!$B:$H,6,FALSE) -> #N/A | K430: =VLOOKUP(Table13[[#This Row],[kbli5]],kata_kunci!$B:$H,7,FALSE) -> #N/A
A431: C | B431: 23112 | C431: INDUSTRI KACA PENGAMAN | D431: =VLOOKUP(Table13[[#This Row],[kbli5]],Table1[[#All],[kbli5]:[digital_hijau]],3,) -> #N/A | E431: =VLOOKUP(Table13[[#This Row],[kbli5]],kata_kunci!$B:$H,4,FALSE) -> #N/A | F431: =VLOOKUP(Table13[[#This Row],[kbli5]],Table1[[#All],[kbli5]:[digital_hijau]],5,) -> #N/A | G431: =VLOOKUP(Table13[[#This Row],[kbli5]],Table1[[#All],[kbli5]:[digital_hijau]],6,) -> #N/A | H431: =VLOOKUP(Table13[[#This Row],[kbli5]],kata_kunci!$B:$H,3,FALSE) -> #N/A | I431: =VLOOKUP(Table13[[#This Row],[kbli5]],kata_kunci!$B:$H,5,FALSE) -> #N/A | J431: =VLOOKUP(Table13[[#This Row],[kbli5]],kata_kunci!$B:$H,6,FALSE) -> #N/A | K431: =VLOOKUP(Table13[[#This Row],[kbli5]],kata_kunci!$B:$H,7,FALSE) -> #N/A
A432: C | B432: 23119 | C432: INDUSTRI KACA LAINNYA | D432: =VLOOKUP(Table13[[#This Row],[kbli5]],Table1[[#All],[kbli5]:[digital_hijau]],3,) -> #N/A | E432: =VLOOKUP(Table13[[#This Row],[kbli5]],kata_kunci!$B:$H,4,FALSE) -> #N/A | F432: =VLOOKUP(Table13[[#This Row],[kbli5]],Table1[[#All],[kbli5]:[digital_hijau]],5,) -> #N/A | G432: =VLOOKUP(Table13[[#This Row],[kbli5]],Table1[[#All],[kbli5]:[digital_hijau]],6,) -> #N/A | H432: =VLOOKUP(Table13[[#This Row],[kbli5]],kata_kunci!$B:$H,3,FALSE) -> #N/A | I432: =VLOOKUP(Table13[[#This Row],[kbli5]],kata_kunci!$B:$H,5,FALSE) -> #N/A | J432: =VLOOKUP(Table13[[#This Row],[kbli5]],kata_kunci!$B:$H,6,FALSE) -> #N/A | K432: =VLOOKUP(Table13[[#This Row],[kbli5]],kata_kunci!$B:$H,7,FALSE) -> #N/A
A433: C | B433: 23121 | C433: INDUSTRI PERLENGKAPAN DAN PERALATAN RUMAH TANGGA DARI KACA | D433: =VLOOKUP(Table13[[#This Row],[kbli5]],Table1[[#All],[kbli5]:[digital_hijau]],3,) -> #N/A | E433: =VLOOKUP(Table13[[#This Row],[kbli5]],kata_kunci!$B:$H,4,FALSE) -> #N/A | F433: =VLOOKUP(Table13[[#This Row],[kbli5]],Table1[[#All],[kbli5]:[digital_hijau]],5,) -> #N/A | G433: =VLOOKUP(Table13[[#This Row],[kbli5]],Table1[[#All],[kbli5]:[digital_hijau]],6,) -> #N/A | H433: =VLOOKUP(Table13[[#This Row],[kbli5]],kata_kunci!$B:$H,3,FALSE) -> #N/A | I433: =VLOOKUP(Table13[[#This Row],[kbli5]],kata_kunci!$B:$H,5,FALSE) -> #N/A | J433: =VLOOKUP(Table13[[#This Row],[kbli5]],kata_kunci!$B:$H,6,FALSE) -> #N/A | K433: =VLOOKUP(Table13[[#This Row],[kbli5]],kata_kunci!$B:$H,7,FALSE) -> #N/A
A434: C | B434: 23122 | C434: INDUSTRI PERALATAN LABORATORIUM DAN KESEHATAN DARI KACA | D434: =VLOOKUP(Table13[[#This Row],[kbli5]],Table1[[#All],[kbli5]:[digital_hijau]],3,) -> #N/A | E434: =VLOOKUP(Table13[[#This Row],[kbli5]],kata_kunci!$B:$H,4,FALSE) -> #N/A | F434: =VLOOKUP(Table13[[#This Row],[kbli5]],Table1[[#All],[kbli5]:[digital_hijau]],5,) -> #N/A | G434: =VLOOKUP(Table13[[#This Row],[kbli5]],Table1[[#All],[kbli5]:[digital_hijau]],6,) -> #N/A | H434: =VLOOKUP(Table13[[#This Row],[kbli5]],kata_kunci!$B:$H,3,FALSE) -> #N/A | I434: =VLOOKUP(Table13[[#This Row],[kbli5]],kata_kunci!$B:$H,5,FALSE) -> #N/A | J434: =VLOOKUP(Table13[[#This Row],[kbli5]],kata_kunci!$B:$H,6,FALSE) -> #N/A | K434: =VLOOKUP(Table13[[#This Row],[kbli5]],kata_kunci!$B:$H,7,FALSE) -> #N/A
A435: C | B435: 23129 | C435: INDUSTRI PRODUK LAINNYA DARI KACA | D435: =VLOOKUP(Table13[[#This Row],[kbli5]],Table1[[#All],[kbli5]:[digital_hijau]],3,) -> #N/A | E435: =VLOOKUP(Table13[[#This Row],[kbli5]],kata_kunci!$B:$H,4,FALSE) -> #N/A | F435: =VLOOKUP(Table13[[#This Row],[kbli5]],Table1[[#All],[kbli5]:[digital_hijau]],5,) -> #N/A | G435: =VLOOKUP(Table13[[#This Row],[kbli5]],Table1[[#All],[kbli5]:[digital_hijau]],6,) -> #N/A | H435: =VLOOKUP(Table13[[#This Row],[kbli5]],kata_kunci!$B:$H,3,FALSE) -> #N/A | I435: =VLOOKUP(Table13[[#This Row],[kbli5]],kata_kunci!$B:$H,5,FALSE) -> #N/A | J435: =VLOOKUP(Table13[[#This Row],[kbli5]],kata_kunci!$B:$H,6,FALSE) -> #N/A | K435: =VLOOKUP(Table13[[#This Row],[kbli5]],kata_kunci!$B:$H,7,FALSE) -> #N/A
... A476: C | B476: 25119 | C476: INDUSTRI PRODUK LOGAM STRUKTURAL LAINNYA | D476: =VLOOKUP(Table13[[#This Row],[kbli5]],Table1[[#All],[kbli5]:[digital_hijau]],3,) -> #N/A | E476: =VLOOKUP(Table13[[#This Row],[kbli5]],kata_kunci!$B:$H,4,FALSE) -> #N/A | F476: =VLOOKUP(Table13[[#This Row],[kbli5]],Table1[[#All],[kbli5]:[digital_hijau]],5,) -> #N/A | G476: =VLOOKUP(Table13[[#This Row],[kbli5]],Table1[[#All],[kbli5]:[digital_hijau]],6,) -> #N/A | H476: =VLOOKUP(Table13[[#This Row],[kbli5]],kata_kunci!$B:$H,3,FALSE) -> #N/A | I476: =VLOOKUP(Table13[[#This Row],[kbli5]],kata_kunci!$B:$H,5,FALSE) -> #N/A | J476: =VLOOKUP(Table13[[#This Row],[kbli5]],kata_kunci!$B:$H,6,FALSE) -> #N/A | K476: =VLOOKUP(Table13[[#This Row],[kbli5]],kata_kunci!$B:$H,7,FALSE) -> #N/A
A477: C | B477: 25120 | C477: INDUSTRI TANGKI, TANDON AIR, DAN WADAH SEJENISNYA DARI LOGAM | D477: =VLOOKUP(Table13[[#This Row],[kbli5]],Table1[[#All],[kbli5]:[digital_hijau]],3,) -> #N/A | E477: =VLOOKUP(Table13[[#This Row],[kbli5]],kata_kunci!$B:$H,4,FALSE) -> #N/A | F477: =VLOOKUP(Table13[[#This Row],[kbli5]],Table1[[#All],[kbli5]:[digital_hijau]],5,) -> #N/A | G477: Ekonomi Hijau; | H477: =VLOOKUP(Table13[[#This Row],[kbli5]],kata_kunci!$B:$H,3,FALSE) -> #N/A | I477: =VLOOKUP(Table13[[#This Row],[kbli5]],kata_kunci!$B:$H,5,FALSE) -> #N/A | J477: =VLOOKUP(Table13[[#This Row],[kbli5]],kata_kunci!$B:$H,6,FALSE) -> #N/A | K477: =VLOOKUP(Table13[[#This Row],[kbli5]],kata_kunci!$B:$H,7,FALSE) -> #N/A
A478: C | B478: 25130 | C478: INDUSTRI GENERATOR UAP BUKAN KETEL PEMANAS | D478: =VLOOKUP(Table13[[#This Row],[kbli5]],Table1[[#All],[kbli5]:[digital_hijau]],3,) -> #N/A | E478: =VLOOKUP(Table13[[#This Row],[kbli5]],kata_kunci!$B:$H,4,FALSE) -> #N/A | F478: =VLOOKUP(Table13[[#This Row],[kbli5]],Table1[[#All],[kbli5]:[digital_hijau]],5,) -> #N/A | G478: =VLOOKUP(Table13[[#This Row],[kbli5]],Table1[[#All],[kbli5]:[digital_hijau]],6,) -> #N/A | H478: =VLOOKUP(Table13[[#This Row],[kbli5]],kata_kunci!$B:$H,3,FALSE) -> #N/A | I478: =VLOOKUP(Table13[[#This Row],[kbli5]],kata_kunci!$B:$H,5,FALSE) -> #N/A | J478: =VLOOKUP(Table13[[#This Row],[kbli5]],kata_kunci!$B:$H,6,FALSE) -> #N/A | K478: =VLOOKUP(Table13[[#This Row],[kbli5]],kata_kunci!$B:$H,7,FALSE) -> #N/A
A479: C | B479: 25200 | C479: INDUSTRI SENJATA DAN AMUNISI | D479: =VLOOKUP(Table13[[#This Row],[kbli5]],Table1[[#All],[kbli5]:[digital_hijau]],3,) -> #N/A | E479: =VLOOKUP(Table13[[#This Row],[kbli5]],kata_kunci!$B:$H,4,FALSE) -> #N/A | F479: =VLOOKUP(Table13[[#This Row],[kbli5]],Table1[[#All],[kbli5]:[digital_hijau]],5,) -> #N/A | G479: =VLOOKUP(Table13[[#This Row],[kbli5]],Table1[[#All],[kbli5]:[digital_hijau]],6,) -> #N/A | H479: =VLOOKUP(Table13[[#This Row],[kbli5]],kata_kunci!$B:$H,3,FALSE) -> #N/A | I479: =VLOOKUP(Table13[[#This Row],[kbli5]],kata_kunci!$B:$H,5,FALSE) -> #N/A | J479: =VLOOKUP(Table13[[#This Row],[kbli5]],kata_kunci!$B:$H,6,FALSE) -> #N/A | K479: =VLOOKUP(Table13[[#This Row],[kbli5]],kata_kunci!$B:$H,7,FALSE) -> #N/A
A480: C | B480: 25910 | C480: PENEMPAAN, PENGEPRESAN, PENCETAKAN, DAN PEMBENTUKAN LOGAM; | D480: =VLOOKUP(Table13[[#This Row],[kbli5]],Table1[[#All],[kbli5]:[digital_hijau]],3,) -> #N/A | E480: =VLOOKUP(Table13[[#This Row],[kbli5]],kata_kunci!$B:$H,4,FALSE) -> #N/A | F480: =VLOOKUP(Table13[[#This Row],[kbli5]],Table1[[#All],[kbli5]:[digital_hijau]],5,) -> #N/A | G480: =VLOOKUP(Table13[[#This Row],[kbli5]],Table1[[#All],[kbli5]:[digital_hijau]],6,) -> #N/A | H480: =VLOOKUP(Table13[[#This Row],[kbli5]],kata_kunci!$B:$H,3,FALSE) -> #N/A | I480: =VLOOKUP(Table13[[#This Row],[kbli5]],kata_kunci!$B:$H,5,FALSE) -> #N/A | J480: =VLOOKUP(Table13[[#This Row],[kbli5]],kata_kunci!$B:$H,6,FALSE) -> #N/A | K480: =VLOOKUP(Table13[[#This Row],[kbli5]],kata_kunci!$B:$H,7,FALSE) -> #N/A
A481: C | B481: 25920 | C481: PENGERJAAN DAN PELAPISAN LOGAM | D481: =VLOOKUP(Table13[[#This Row],[kbli5]],Table1[[#All],[kbli5]:[digital_hijau]],3,) -> #N/A | E481: =VLOOKUP(Table13[[#This Row],[kbli5]],kata_kunci!$B:$H,4,FALSE) -> #N/A | F481: =VLOOKUP(Table13[[#This Row],[kbli5]],Table1[[#All],[kbli5]:[digital_hijau]],5,) -> #N/A | G481: =VLOOKUP(Table13[[#This Row],[kbli5]],Table1[[#All],[kbli5]:[digital_hijau]],6,) -> #N/A | H481: =VLOOKUP(Table13[[#This Row],[kbli5]],kata_kunci!$B:$H,3,FALSE) -> #N/A | I481: =VLOOKUP(Table13[[#This Row],[kbli5]],kata_kunci!$B:$H,5,FALSE) -> #N/A | J481: =VLOOKUP(Table13[[#This Row],[kbli5]],kata_kunci!$B:$H,6,FALSE) -> #N/A | K481: =VLOOKUP(Table13[[#This Row],[kbli5]],kata_kunci!$B:$H,7,FALSE) -> #N/A
A482: C | B482: 25931 | C482: INDUSTRI PERKAKAS TANGAN | D482: =VLOOKUP(Table13[[#This Row],[kbli5]],Table1[[#All],[kbli5]:[digital_hijau]],3,) -> #N/A | E482: =VLOOKUP(Table13[[#This Row],[kbli5]],kata_kunci!$B:$H,4,FALSE) -> #N/A | F482: =VLOOKUP(Table13[[#This Row],[kbli5]],Table1[[#All],[kbli5]:[digital_hijau]],5,) -> #N/A | G482: =VLOOKUP(Table13[[#This Row],[kbli5]],Table1[[#All],[kbli5]:[digital_hijau]],6,) -> #N/A | H482: =VLOOKUP(Table13[[#This Row],[kbli5]],kata_kunci!$B:$H,3,FALSE) -> #N/A | I482: =VLOOKUP(Table13[[#This Row],[kbli5]],kata_kunci!$B:$H,5,FALSE) -> #N/A | J482: =VLOOKUP(Table13[[#This Row],[kbli5]],kata_kunci!$B:$H,6,FALSE) -> #N/A | K482: =VLOOKUP(Table13[[#This Row],[kbli5]],kata_kunci!$B:$H,7,FALSE) -> #N/A
A483: C | B483: 25932 | C483: INDUSTRI ALAT POTONG | D483: =VLOOKUP(Table13[[#This Row],[kbli5]],Table1[[#All],[kbli5]:[digital_hijau]],3,) -> #N/A | E483: =VLOOKUP(Table13[[#This Row],[kbli5]],kata_kunci!$B:$H,4,FALSE) -> #N/A | F483: =VLOOKUP(Table13[[#This Row],[kbli5]],Table1[[#All],[kbli5]:[digital_hijau]],5,) -> #N/A | G483: =VLOOKUP(Table13[[#This Row],[kbli5]],Table1[[#All],[kbli5]:[digital_hijau]],6,) -> #N/A | H483: =VLOOKUP(Table13[[#This Row],[kbli5]],kata_kunci!$B:$H,3,FALSE) -> #N/A | I483: =VLOOKUP(Table13[[#This Row],[kbli5]],kata_kunci!$B:$H,5,FALSE) -> #N/A | J483: =VLOOKUP(Table13[[#This Row],[kbli5]],kata_kunci!$B:$H,6,FALSE) -> #N/A | K483: =VLOOKUP(Table13[[#This Row],[kbli5]],kata_kunci!$B:$H,7,FALSE) -> #N/A
A484: C | B484: 25933 | C484: INDUSTRI ALAT MAKAN DARI LOGAM | D484: =VLOOKUP(Table13[[#This Row],[kbli5]],Table1[[#All],[kbli5]:[digital_hijau]],3,) -> #N/A | E484: =VLOOKUP(Table13[[#This Row],[kbli5]],kata_kunci!$B:$H,4,FALSE) -> #N/A | F484: =VLOOKUP(Table13[[#This Row],[kbli5]],Table1[[#All],[kbli5]:[digital_hijau]],5,) -> #N/A | G484: =VLOOKUP(Table13[[#This Row],[kbli5]],Table1[[#All],[kbli5]:[digital_hijau]],6,) -> #N/A | H484: =VLOOKUP(Table13[[#This Row],[kbli5]],kata_kunci!$B:$H,3,FALSE) -> #N/A | I484: =VLOOKUP(Table13[[#This Row],[kbli5]],kata_kunci!$B:$H,5,FALSE) -> #N/A | J484: =VLOOKUP(Table13[[#This Row],[kbli5]],kata_kunci!$B:$H,6,FALSE) -> #N/A | K484: =VLOOKUP(Table13[[#This Row],[kbli5]],kata_kunci!$B:$H,7,FALSE) -> #N/A
A485: C | B485: 25934 | C485: INDUSTRI PERALATAN UMUM | D485: =VLOOKUP(Table13[[#This Row],[kbli5]],Table1[[#All],[kbli5]:[digital_hijau]],3,) -> #N/A | E485: =VLOOKUP(Table13[[#This Row],[kbli5]],kata_kunci!$B:$H,4,FALSE) -> #N/A | F485: =VLOOKUP(Table13[[#This Row],[kbli5]],Table1[[#All],[kbli5]:[digital_hijau]],5,) -> #N/A | G485: =VLOOKUP(Table13[[#This Row],[kbli5]],Table1[[#All],[kbli5]:[digital_hijau]],6,) -> #N/A | H485: =VLOOKUP(Table13[[#This Row],[kbli5]],kata_kunci!$B:$H,3,FALSE) -> #N/A | I485: =VLOOKUP(Table13[[#This Row],[kbli5]],kata_kunci!$B:$H,5,FALSE) -> #N/A | J485: =VLOOKUP(Table13[[#This Row],[kbli5]],kata_kunci!$B:$H,6,FALSE) -> #N/A | K485: =VLOOKUP(Table13[[#This Row],[kbli5]],kata_kunci!$B:$H,7,FALSE) -> #N/A
A486: C | B486: 25940 | C486: INDUSTRI EMBER, KALENG, DRUM DAN WADAH SEJENISNYA DARI | D486: =VLOOKUP(Table13[[#This Row],[kbli5]],Table1[[#All],[kbli5]:[digital_hijau]],3,) -> #N/A | E486: =VLOOKUP(Table13[[#This Row],[kbli5]],kata_kunci!$B:$H,4,FALSE) -> #N/A | F486: =VLOOKUP(Table13[[#This Row],[kbli5]],Table1[[#All],[kbli5]:[digital_hijau]],5,) -> #N/A | G486: =VLOOKUP(Table13[[#This Row],[kbli5]],Table1[[#All],[kbli5]:[digital_hijau]],6,) -> #N/A | H486: =VLOOKUP(Table13[[#This Row],[kbli5]],kata_kunci!$B:$H,3,FALSE) -> #N/A | I486: =VLOOKUP(Table13[[#This Row],[kbli5]],kata_kunci!$B:$H,5,FALSE) -> #N/A | J486: =VLOOKUP(Table13[[#This Row],[kbli5]],kata_kunci!$B:$H,6,FALSE) -> #N/A | K486: =VLOOKUP(Table13[[#This Row],[kbli5]],kata_kunci!$B:$H,7,FALSE) -> #N/A
A487: C | B487: 25951 | C487: INDUSTRI BARANG DARI KAWAT LOGAM BUKAN KABEL | D487: =VLOOKUP(Table13[[#This Row],[kbli5]],Table1[[#All],[kbli5]:[digital_hijau]],3,) -> #N/A | E487: =VLOOKUP(Table13[[#This Row],[kbli5]],kata_kunci!$B:$H,4,FALSE) -> #N/A | F487: =VLOOKUP(Table13[[#This Row],[kbli5]],Table1[[#All],[kbli5]:[digital_hijau]],5,) -> #N/A | G487: =VLOOKUP(Table13[[#This Row],[kbli5]],Table1[[#All],[kbli5]:[digital_hijau]],6,) -> #N/A | H487: =VLOOKUP(Table13[[#This Row],[kbli5]],kata_kunci!$B:$H,3,FALSE) -> #N/A | I487: =VLOOKUP(Table13[[#This Row],[kbli5]],kata_kunci!$B:$H,5,FALSE) -> #N/A | J487: =VLOOKUP(Table13[[#This Row],[kbli5]],kata_kunci!$B:$H,6,FALSE) -> #N/A | K487: =VLOOKUP(Table13[[#This Row],[kbli5]],kata_kunci!$B:$H,7,FALSE) -> #N/A
A488: C | B488: 25952 | C488: INDUSTRI PAKU, MUR, DAN BAUT LOGAM | D488: =VLOOKUP(Table13[[#This Row],[kbli5]],Table1[[#All],[kbli5]:[digital_hijau]],3,) -> #N/A | E488: =VLOOKUP(Table13[[#This Row],[kbli5]],kata_kunci!$B:$H,4,FALSE) -> #N/A | F488: =VLOOKUP(Table13[[#This Row],[kbli5]],Table1[[#All],[kbli5]:[digital_hijau]],5,) -> #N/A | G488: =VLOOKUP(Table13[[#This Row],[kbli5]],Table1[[#All],[kbli5]:[digital_hijau]],6,) -> #N/A | H488: =VLOOKUP(Table13[[#This Row],[kbli5]],kata_kunci!$B:$H,3,FALSE) -> #N/A | I488: =VLOOKUP(Table13[[#This Row],[kbli5]],kata_kunci!$B:$H,5,FALSE) -> #N/A | J488: =VLOOKUP(Table13[[#This Row],[kbli5]],kata_kunci!$B:$H,6,FALSE) -> #N/A | K488: =VLOOKUP(Table13[[#This Row],[kbli5]],kata_kunci!$B:$H,7,FALSE) -> #N/A
A489: C | B489: 25991 | C489: INDUSTRI BRANKAS, FILLING KANTOR, DAN SEJENISNYA | D489: =VLOOKUP(Table13[[#This Row],[kbli5]],Table1[[#All],[kbli5]:[digital_hijau]],3,) -> #N/A | E489: =VLOOKUP(Table13[[#This Row],[kbli5]],kata_kunci!$B:$H,4,FALSE) -> #N/A | F489: =VLOOKUP(Table13[[#This Row],[kbli5]],Table1[[#All],[kbli5]:[digital_hijau]],5,) -> #N/A | G489: =VLOOKUP(Table13[[#This Row],[kbli5]],Table1[[#All],[kbli5]:[digital_hijau]],6,) -> #N/A | H489: =VLOOKUP(Table13[[#This Row],[kbli5]],kata_kunci!$B:$H,3,FALSE) -> #N/A | I489: =VLOOKUP(Table13[[#This Row],[kbli5]],kata_kunci!$B:$H,5,FALSE) -> #N/A | J489: =VLOOKUP(Table13[[#This Row],[kbli5]],kata_kunci!$B:$H,6,FALSE) -> #N/A | K489: =VLOOKUP(Table13[[#This Row],[kbli5]],kata_kunci!$B:$H,7,FALSE) -> #N/A
... A494: C | B494: 25999 | C494: INDUSTRI PRODUK LOGAM LAINNYA YTDL | D494: =VLOOKUP(Table13[[#This Row],[kbli5]],Table1[[#All],[kbli5]:[digital_hijau]],3,) -> #N/A | E494: =VLOOKUP(Table13[[#This Row],[kbli5]],kata_kunci!$B:$H,4,FALSE) -> #N/A | F494: =VLOOKUP(Table13[[#This Row],[kbli5]],Table1[[#All],[kbli5]:[digital_hijau]],5,) -> #N/A | G494: =VLOOKUP(Table13[[#This Row],[kbli5]],Table1[[#All],[kbli5]:[digital_hijau]],6,) -> #N/A | H494: =VLOOKUP(Table13[[#This Row],[kbli5]],kata_kunci!$B:$H,3,FALSE) -> #N/A | I494: =VLOOKUP(Table13[[#This Row],[kbli5]],kata_kunci!$B:$H,5,FALSE) -> #N/A | J494: =VLOOKUP(Table13[[#This Row],[kbli5]],kata_kunci!$B:$H,6,FALSE) -> #N/A | K494: =VLOOKUP(Table13[[#This Row],[kbli5]],kata_kunci!$B:$H,7,FALSE) -> #N/A
A495: C | B495: 26110 | C495: INDUSTRI SEL SURYA, PANEL SURYA, DAN INVERTER FOTOVOLTAIK | D495: =VLOOKUP(Table13[[#This Row],[kbli5]],Table1[[#All],[kbli5]:[digital_hijau]],3,) -> #N/A | E495: =VLOOKUP(Table13[[#This Row],[kbli5]],kata_kunci!$B:$H,4,FALSE) -> #N/A | F495: =VLOOKUP(Table13[[#This Row],[kbli5]],Table1[[#All],[kbli5]:[digital_hijau]],5,) -> #N/A | G495: Industri Digital; | H495: =VLOOKUP(Table13[[#This Row],[kbli5]],kata_kunci!$B:$H,3,FALSE) -> #N/A | I495: =VLOOKUP(Table13[[#This Row],[kbli5]],kata_kunci!$B:$H,5,FALSE) -> #N/A | J495: =VLOOKUP(Table13[[#This Row],[kbli5]],kata_kunci!$B:$H,6,FALSE) -> #N/A | K495: =VLOOKUP(Table13[[#This Row],[kbli5]],kata_kunci!$B:$H,7,FALSE) -> #N/A
A496: C | B496: 26191 | C496: INDUSTRI TABUNG ELEKTRON DAN KONEKTOR ELEKTRONIK | D496: =VLOOKUP(Table13[[#This Row],[kbli5]],Table1[[#All],[kbli5]:[digital_hijau]],3,) -> #N/A | E496: =VLOOKUP(Table13[[#This Row],[kbli5]],kata_kunci!$B:$H,4,FALSE) -> #N/A | F496: =VLOOKUP(Table13[[#This Row],[kbli5]],Table1[[#All],[kbli5]:[digital_hijau]],5,) -> #N/A | G496: Industri Digital; | H496: =VLOOKUP(Table13[[#This Row],[kbli5]],kata_kunci!$B:$H,3,FALSE) -> #N/A | I496: =VLOOKUP(Table13[[#This Row],[kbli5]],kata_kunci!$B:$H,5,FALSE) -> #N/A | J496: =VLOOKUP(Table13[[#This Row],[kbli5]],kata_kunci!$B:$H,6,FALSE) -> #N/A | K496: =VLOOKUP(Table13[[#This Row],[kbli5]],kata_kunci!$B:$H,7,FALSE) -> #N/A
A497: C | B497: 26199 | C497: INDUSTRI KOMPONEN DAN PAPAN ELEKTRONIK LAINNYA YTDL | D497: =VLOOKUP(Table13[[#This Row],[kbli5]],Table1[[#All],[kbli5]:[digital_hijau]],3,) -> #N/A | E497: =VLOOKUP(Table13[[#This Row],[kbli5]],kata_kunci!$B:$H,4,FALSE) -> #N/A | F497: =VLOOKUP(Table13[[#This Row],[kbli5]],Table1[[#All],[kbli5]:[digital_hijau]],5,) -> #N/A | G497: Industri Digital; | H497: =VLOOKUP(Table13[[#This Row],[kbli5]],kata_kunci!$B:$H,3,FALSE) -> #N/A | I497: =VLOOKUP(Table13[[#This Row],[kbli5]],kata_kunci!$B:$H,5,FALSE) -> #N/A | J497: =VLOOKUP(Table13[[#This Row],[kbli5]],kata_kunci!$B:$H,6,FALSE) -> #N/A | K497: =VLOOKUP(Table13[[#This Row],[kbli5]],kata_kunci!$B:$H,7,FALSE) -> #N/A
...

Sheet rapikan
A1: kbli5 | B1: judul | C1: contoh_usaha | D1: kata_kunci | E1: kategori | F1: digital_hijau | G1: versi 1 | H1: cek | I1: kbli1
A2: 55101 | B2: =VLOOKUP(Table1[[#This Row],[kbli5]],master!$A$2:$B$1560,2,FALSE) -> AKTIVITAS HOTEL BINTANG LIMA | C2: Hotel Btg 5; Hotel internasional berbintang lima (misalnya jaringan hotel global); Resort mewah dengan standar bintang lima; Labersa hotel; Araduta hotel; | E2: Esensial | F2: Industri Digital; Ekonomi Hijau; | G2: =VLOOKUP(Table1[[#This Row],[kbli5]],data_versi1!$B$2:$D$101,3, FALSE) -> Hotel Btg 5; Hotel internasional berbintang lima (misalnya jaringan hotel global); Resort mewah dengan standar bintang lima; Labersa hotel; Araduta hotel; | H2: =IF(Table1[[#This Row],[contoh_usaha]]=Table1[[#This Row],[versi 1]],TRUE,FALSE) -> TRUE | I2: I
A3: 55102 | B3: =VLOOKUP(Table1[[#This Row],[kbli5]],master!$A$2:$B$1560,2,FALSE) -> AKTIVITAS HOTEL BINTANG EMPAT | C3: Hotel Btg 4; Premiere; Fox; Zuri PKU & Dumai; Asnof; | E3: Esensial | G3: =VLOOKUP(Table1[[#This Row],[kbli5]],data_versi1!$B$2:$D$101,3, FALSE) -> Hotel Btg 4; Premiere; Fox; Zuri PKU & Dumai; Asnof; | H3: =IF(Table1[[#This Row],[contoh_usaha]]=Table1[[#This Row],[versi 1]],TRUE,FALSE) -> TRUE | I3: I
A4: 55103 | B4: =VLOOKUP(Table1[[#This Row],[kbli5]],master!$A$2:$B$1560,2,FALSE) -> AKTIVITAS HOTEL BINTANG TIGA | C4: Hotel Btg 3; Swiss Bellin SKA; Furaya; Dafam; | E4: Esensial | G4: =VLOOKUP(Table1[[#This Row],[kbli5]],data_versi1!$B$2:$D$101,3, FALSE) -> Hotel Btg 3; Swiss Bellin SKA; Furaya; Dafam; | H4: =IF(Table1[[#This Row],[contoh_usaha]]=Table1[[#This Row],[versi 1]],TRUE,FALSE) -> TRUE | I4: I
A5: 55104 | B5: =VLOOKUP(Table1[[#This Row],[kbli5]],master!$A$2:$B$1560,2,FALSE) -> AKTIVITAS HOTEL BINTANG DUA | C5: Hotel Btg 2; | E5: Esensial | G5: =VLOOKUP(Table1[[#This Row],[kbli5]],data_versi1!$B$2:$D$101,3, FALSE) -> Hotel Btg 2; | H5: =IF(Table1[[#This Row],[contoh_usaha]]=Table1[[#This Row],[versi 1]],TRUE,FALSE) -> TRUE | I5: I
A6: 55105 | B6: =VLOOKUP(Table1[[#This Row],[kbli5]],master!$A$2:$B$1560,2,FALSE) -> AKTIVITAS HOTEL BINTANG SATU | C6: Hotel Btg 1; Hotel melati berbintang; Budget hotel; Hotel transit sederhana; Hotel wisata kecil; holiday hotel; sabrina 45 hotel; | E6: Esensial | G6: =VLOOKUP(Table1[[#This Row],[kbli5]],data_versi1!$B$2:$D$101,3, FALSE) -> Hotel Btg 1; Hotel melati berbintang; Budget hotel; Hotel transit sederhana; Hotel wisata kecil; holiday hotel; sabrina 45 hotel; | H6: =IF(Table1[[#This Row],[contoh_usaha]]=Table1[[#This Row],[versi 1]],TRUE,FALSE) -> TRUE | I6: I
A7: 55106 | B7: =VLOOKUP(Table1[[#This Row],[kbli5]],master!$A$2:$B$1560,2,FALSE) -> AKTIVITAS HOTEL NONBINTANG | C7: Hotel Non Bintang; Losmen; Wisma penginapan; Hotel melati; Guest house sederhana; Penginapan harian; | E7: Esensial | G7: =VLOOKUP(Table1[[#This Row],[kbli5]],data_versi1!$B$2:$D$101,3, FALSE) -> Hotel Non Bintang; Losmen; Wisma penginapan; Hotel melati; Guest house sederhana; Penginapan harian; | H7: =IF(Table1[[#This Row],[contoh_usaha]]=Table1[[#This Row],[versi 1]],TRUE,FALSE) -> TRUE | I7: I
A8: 55201 | B8: =VLOOKUP(Table1[[#This Row],[kbli5]],master!$A$2:$B$1560,2,FALSE) -> AKTIVITAS RUMAH TINGGAL SEWA (HOMESTAY) | C8: Homestay; Cottage wisata pantai; Bungalow resort; Cabin wisata alam; Eco lodge; Penginapan wisata keluarga; | E8: Esensial | G8: =VLOOKUP(Table1[[#This Row],[kbli5]],data_versi1!$B$2:$D$101,3, FALSE) -> Homestay; Cottage wisata pantai; Bungalow resort; Cabin wisata alam; Eco lodge; Penginapan wisata keluarga; | H8: =IF(Table1[[#This Row],[contoh_usaha]]=Table1[[#This Row],[versi 1]],TRUE,FALSE) -> TRUE | I8: I
A9: 55202 | B9: =VLOOKUP(Table1[[#This Row],[kbli5]],master!$A$2:$B$1560,2,FALSE) -> AKTIVITAS HOSTEL REMAJA (YOUTH HOSTEL) | C9: Hostel Remaja; Bumi perkemahan; Camping ground; Kemping; Karavan; Campervan; Area camping; Wisata alam; | E9: Potensial | G9: =VLOOKUP(Table1[[#This Row],[kbli5]],data_versi1!$B$2:$D$101,3, FALSE) -> #N/A | H9: =IF(Table1[[#This Row],[contoh_usaha]]=Table1[[#This Row],[versi 1]],TRUE,FALSE) -> #N/A | I9: I
A10: 55203 | B10: =VLOOKUP(Table1[[#This Row],[kbli5]],master!$A$2:$B$1560,2,FALSE) -> AKTIVITAS VILA | C10: Aktivitas Vila; Vila wisata keluarga; Vila pegunungan; Vila pantai; Private villa; Resort villa; | E10: Potensial | G10: =VLOOKUP(Table1[[#This Row],[kbli5]],data_versi1!$B$2:$D$101,3, FALSE) -> #N/A | H10: =IF(Table1[[#This Row],[contoh_usaha]]=Table1[[#This Row],[versi 1]],TRUE,FALSE) -> #N/A | I10: I
A11: 55204 | B11: =VLOOKUP(Table1[[#This Row],[kbli5]],master!$A$2:$B$1560,2,FALSE) -> AKTIVITAS APARTEMEN HOTEL | C11: Apartemen hotel; Kampar Lake Villa; Riau Holiday House; Pekanbaru Guest House; Siak Heritage Cottage; Bengkalis Beach Bungalow; | E11: Umum Ditemukan | G11: =VLOOKUP(Table1[[#This Row],[kbli5]],data_versi1!$B$2:$D$101,3, FALSE) -> Apartemen hotel; Kampar Lake Villa; Riau Holiday House; Pekanbaru Guest House; Siak Heritage Cottage; Bengkalis Beach Bungalow; | H11: =IF(Table1[[#This Row],[contoh_usaha]]=Table1[[#This Row],[versi 1]],TRUE,FALSE) -> TRUE | I11: I
A12: 55209 | B12: =VLOOKUP(Table1[[#This Row],[kbli5]],master!$A$2:$B$1560,2,FALSE) -> AKTIVITAS PENYEDIAAN AKOMODASI JANGKA PENDEK LAINNYA | C12: Akomodasi jangka pendek lainnya; Bono Riverside Lodge; Siak Heritage Stay; Kampar Tourist House; Riau Visitor Lodge; Wisma Wisata Melayu; | E12: Umum Ditemukan | G12: =VLOOKUP(Table1[[#This Row],[kbli5]],data_versi1!$B$2:$D$101,3, FALSE) -> Akomodasi jangka pendek lainnya; Bono Riverside Lodge; Siak Heritage Stay; Kampar Tourist House; Riau Visitor Lodge; Wisma Wisata Melayu; | H12: =IF(Table1[[#This Row],[contoh_usaha]]=Table1[[#This Row],[versi 1]],TRUE,FALSE) -> TRUE | I12: I
A13: 55300 | B13: =VLOOKUP(Table1[[#This Row],[kbli5]],master!$A$2:$B$1560,2,FALSE) -> AKTIVITAS PENYEDIAAN BUMI PERKEMAHAN, PERSINGGAHAN KARAVAN, | C13: Bumi Perkemahan; Camping Ground Kampar; Campervan Park; Eco Camp; | E13: Umum Ditemukan | G13: =VLOOKUP(Table1[[#This Row],[kbli5]],data_versi1!$B$2:$D$101,3, FALSE) -> Bumi Perkemahan; Camping Ground Kampar; Campervan Park; Eco Camp; | H13: =IF(Table1[[#This Row],[contoh_usaha]]=Table1[[#This Row],[versi 1]],TRUE,FALSE) -> TRUE | I13: I
A14: 55901 | B14: =VLOOKUP(Table1[[#This Row],[kbli5]],master!$A$2:$B$1560,2,FALSE) -> AKTIVITAS JASA MANAJEMEN AKOMODASI | C14: Jasa manajemen akomodasi; Asrama Mahasiswa Riau; Mess Karyawan Sawit Jaya; Dormitory Pekanbaru; Asrama Atlet Riau; Graha Asrama Nusantara; | E14: Umum Ditemukan | G14: =VLOOKUP(Table1[[#This Row],[kbli5]],data_versi1!$B$2:$D$101,3, FALSE) -> Jasa manajemen akomodasi; Asrama Mahasiswa Riau; Mess Karyawan Sawit Jaya; Dormitory Pekanbaru; Asrama Atlet Riau; Graha Asrama Nusantara; | H14: =IF(Table1[[#This Row],[contoh_usaha]]=Table1[[#This Row],[versi 1]],TRUE,FALSE) -> TRUE | I14: I
... A27: 61101 | B27: =VLOOKUP(Table1[[#This Row],[kbli5]],master!$A$2:$B$1560,2,FALSE) -> AKTIVITAS TELEKOMUNIKASI DENGAN KABEL | C27: Telekomunikasi kabel; Indihome; | E27: Umum Ditemukan | G27: =VLOOKUP(Table1[[#This Row],[kbli5]],data_versi1!$B$2:$D$101,3, FALSE) -> Telekomunikasi kabel; Indihome; | H27: =IF(Table1[[#This Row],[contoh_usaha]]=Table1[[#This Row],[versi 1]],TRUE,FALSE) -> TRUE | I27: K
A28: 61102 | B28: =VLOOKUP(Table1[[#This Row],[kbli5]],master!$A$2:$B$1560,2,FALSE) -> AKTIVITAS TELEKOMUNIKASI DENGAN NIRKABEL | C28: Telekomunikasi kabel; Telkomsel; | E28: Umum Ditemukan | F28: Industri Digital; | G28: =VLOOKUP(Table1[[#This Row],[kbli5]],data_versi1!$B$2:$D$101,3, FALSE) -> Telekomunikasi kabel; Telkomsel; | H28: =IF(Table1[[#This Row],[contoh_usaha]]=Table1[[#This Row],[versi 1]],TRUE,FALSE) -> TRUE | I28: K
A29: 61104 | B29: =VLOOKUP(Table1[[#This Row],[kbli5]],master!$A$2:$B$1560,2,FALSE) -> AKTIVITAS JASA AKSES INTERNET (INTERNET SERVICE PROVIDER) | C29: ISP; Indihome; perusahaan penyedia wifi untuk internet di rumah; my republik; cipta informatika cemerlang; solnet; | E29: Umum Ditemukan | F29: Industri Digital; | G29: =VLOOKUP(Table1[[#This Row],[kbli5]],data_versi1!$B$2:$D$101,3, FALSE) -> ISP; Indihome; perusahaan penyedia wifi untuk internet di rumah; my republik; cipta informatika cemerlang; solnet; | H29: =IF(Table1[[#This Row],[contoh_usaha]]=Table1[[#This Row],[versi 1]],TRUE,FALSE) -> TRUE | I29: K
A30: 61106 | B30: =VLOOKUP(Table1[[#This Row],[kbli5]],master!$A$2:$B$1560,2,FALSE) -> AKTIVITIAS JASA TELEVISI PROTOKOL INTERNET (IPTV) | C30: Tv protokol internet (IPTV); Indihome TV; MNC Play; FirstMedia; UseeTV | E30: Umum Ditemukan | F30: Industri Digital; | G30: =VLOOKUP(Table1[[#This Row],[kbli5]],data_versi1!$B$2:$D$101,3, FALSE) -> Tv protokol internet (IPTV); Indihome TV; MNC Play; FirstMedia; UseeTV | H30: =IF(Table1[[#This Row],[contoh_usaha]]=Table1[[#This Row],[versi 1]],TRUE,FALSE) -> TRUE | I30: K
A31: 61209 | B31: =VLOOKUP(Table1[[#This Row],[kbli5]],master!$A$2:$B$1560,2,FALSE) -> AKTIVITAS PENJUALAN KEMBALI DAN JASA INTERMEDIASI UNTUK TELEKOMUNIKASI LAINNYA | C31: Jasa Intemediasi Telekomunikasi; wartel, warnet; jasa pihak ketiga yang memasang wifi/ kabel & tiang internet; pemasangan tv kabel; JUAL PULSA; KONTER PULSA; jual kartu perdana; | E31: Umum Ditemukan | F31: Industri Digital; | G31: =VLOOKUP(Table1[[#This Row],[kbli5]],data_versi1!$B$2:$D$101,3, FALSE) -> Jasa Intemediasi Telekomunikasi; wartel, warnet; jasa pihak ketiga yang memasang wifi/ kabel & tiang internet; pemasangan tv kabel; JUAL PULSA; KONTER PULSA; jual kartu perdana; | H31: =IF(Table1[[#This Row],[contoh_usaha]]=Table1[[#This Row],[versi 1]],TRUE,FALSE) -> TRUE | I31: K
A32: 62199 | B32: =VLOOKUP(Table1[[#This Row],[kbli5]],master!$A$2:$B$1560,2,FALSE) -> AKTIVITAS PEMROGRAMAN KOMPUTER LAINNYA YTDL | C32: Aktivitas pemrograman; programmer freelance; perusahaan digital pembuatan aplikasi/website (ada kegiatan pemrograman di dalamnya); | E32: Umum Ditemukan | F32: Industri Digital; | G32: =VLOOKUP(Table1[[#This Row],[kbli5]],data_versi1!$B$2:$D$101,3, FALSE) -> Aktivitas pemrograman; programmer freelance; perusahaan digital pembuatan aplikasi/website (ada kegiatan pemrograman di dalamnya); | H32: =IF(Table1[[#This Row],[contoh_usaha]]=Table1[[#This Row],[versi 1]],TRUE,FALSE) -> TRUE | I32: K
A33: 62900 | B33: =VLOOKUP(Table1[[#This Row],[kbli5]],master!$A$2:$B$1560,2,FALSE) -> AKTIVITAS JASA TEKNOLOGI INFORMASI DAN KOMPUTER LAINNYA | C33: Jasa TI dan komputer lainnya; jasa perbaikan komputer; jasa servis komputer;jasa instalasi perangkat komputer; jasa servis perangkat TI lainnya; retyan computer; megakom; | E33: Umum Ditemukan | F33: Industri Digital; | G33: =VLOOKUP(Table1[[#This Row],[kbli5]],data_versi1!$B$2:$D$101,3, FALSE) -> Jasa TI dan komputer lainnya; jasa perbaikan komputer; jasa servis komputer;jasa instalasi perangkat komputer; jasa servis perangkat TI lainnya; retyan computer; megakom; | H33: =IF(Table1[[#This Row],[contoh_usaha]]=Table1[[#This Row],[versi 1]],TRUE,FALSE) -> TRUE | I33: K
A34: 35111 | B34: =VLOOKUP(Table1[[#This Row],[kbli5]],master!$A$2:$B$1560,2,FALSE) -> PEMBANGKITAN TENAGA LISTRIK DARI SUMBER ENERGI TIDAK | C34: PLTU Tenayan Pekanbaru; PLTGU Riau Pekanbaru; PLTMG Balai Pungut Bengkalis; PLTMG Teluk Lembu; Turbin Gas PHR; PLTU Batu Bara Industri; | E34: Esensial | G34: =VLOOKUP(Table1[[#This Row],[kbli5]],data_versi1!$B$2:$D$101,3, FALSE) -> #N/A | H34: =IF(Table1[[#This Row],[contoh_usaha]]=Table1[[#This Row],[versi 1]],TRUE,FALSE) -> #N/A | I34: D
A35: 35120 | B35: =VLOOKUP(Table1[[#This Row],[kbli5]],master!$A$2:$B$1560,2,FALSE) -> PEMBANGKITAN TENAGA LISTRIK DARI SUMBER ENERGI TERBARUKAN | C35: PLTA Koto Panjang Kampar; Pembangkit Biomassa PT RAPP & PT IKPP; PLTBg PKS Kelapa Sawit; | E35: Esensial | G35: =VLOOKUP(Table1[[#This Row],[kbli5]],data_versi1!$B$2:$D$101,3, FALSE) -> #N/A | H35: =IF(Table1[[#This Row],[contoh_usaha]]=Table1[[#This Row],[versi 1]],TRUE,FALSE) -> #N/A | I35: D
A36: 35131 | B36: =VLOOKUP(Table1[[#This Row],[kbli5]],master!$A$2:$B$1560,2,FALSE) -> AKTIVITAS PENYALURAN TENAGA LISTRIK | C36: PT PLN UID Riau dan Kepulauan Riau; UPT Transmisi Pekanbaru; Gardu Induk Tenayan Raya; jaringan distribusi listrik PLN; | E36: Esensial | G36: =VLOOKUP(Table1[[#This Row],[kbli5]],data_versi1!$B$2:$D$101,3, FALSE) -> #N/A | H36: =IF(Table1[[#This Row],[contoh_usaha]]=Table1[[#This Row],[versi 1]],TRUE,FALSE) -> #N/A | I36: D
A37: 35132 | B37: =VLOOKUP(Table1[[#This Row],[kbli5]],master!$A$2:$B$1560,2,FALSE) -> AKTIVITAS PENYIMPANAN TENAGA LISTRIK | C37: Aktivitas penyimpanan tenaga listrik; perusahaan yang mengoperasikan fasilitas penyimpanan energi sebagai penunjang internal (PHR, RAPP, IKPP, PLN); | E37: Potensial | G37: =VLOOKUP(Table1[[#This Row],[kbli5]],data_versi1!$B$2:$D$101,3, FALSE) -> #N/A | H37: =IF(Table1[[#This Row],[contoh_usaha]]=Table1[[#This Row],[versi 1]],TRUE,FALSE) -> #N/A | I37: D
A38: 35133 | B38: =VLOOKUP(Table1[[#This Row],[kbli5]],master!$A$2:$B$1560,2,FALSE) -> PENGOPERASIAN FASILITAS ATAU STASIUN PENGISIAN DAYA UNTUK | C38: SPKLU; pengisian daya; kendaraan listrik; | E38: Potensial | G38: =VLOOKUP(Table1[[#This Row],[kbli5]],data_versi1!$B$2:$D$101,3, FALSE) -> #N/A | H38: =IF(Table1[[#This Row],[contoh_usaha]]=Table1[[#This Row],[versi 1]],TRUE,FALSE) -> #N/A | I38: D
A39: 35140 | B39: =VLOOKUP(Table1[[#This Row],[kbli5]],master!$A$2:$B$1560,2,FALSE) -> PENYEDIAAN TENAGA LISTRIK DALAM SATU KESATUAN USAHA | C39: PT RAPP; PT Indah Kiat; SPKLU terintegrasi dengan pembangkit; | E39: Potensial | G39: =VLOOKUP(Table1[[#This Row],[kbli5]],data_versi1!$B$2:$D$101,3, FALSE) -> #N/A | H39: =IF(Table1[[#This Row],[contoh_usaha]]=Table1[[#This Row],[versi 1]],TRUE,FALSE) -> #N/A | I39: D
A40: 35151 | B40: =VLOOKUP(Table1[[#This Row],[kbli5]],master!$A$2:$B$1560,2,FALSE) -> PENGOPERASIAN INSTALASI PENYEDIAAN TENAGA LISTRIK | C40: Operator instalasi listrik; Jasa Operator & Perawatan Genset; jasa operasi PLTU Tenayan Raya; jasa pengoperasian gardu induk PLN; | E40: Potensial | G40: =VLOOKUP(Table1[[#This Row],[kbli5]],data_versi1!$B$2:$D$101,3, FALSE) -> #N/A | H40: =IF(Table1[[#This Row],[contoh_usaha]]=Table1[[#This Row],[versi 1]],TRUE,FALSE) -> #N/A | I40: D
A41: 35152 | B41: =VLOOKUP(Table1[[#This Row],[kbli5]],master!$A$2:$B$1560,2,FALSE) -> PENGOPERASIAN INSTALASI PEMANFAATAN TENAGA LISTRIK | C41: Jasa teknisi listrik panggilan; Pengelola instalasi listrik gedung/mal; Jasa perawatan & pengoperasian AC; | E41: Umum Ditemukan | G41: =VLOOKUP(Table1[[#This Row],[kbli5]],data_versi1!$B$2:$D$101,3, FALSE) -> #N/A | H41: =IF(Table1[[#This Row],[contoh_usaha]]=Table1[[#This Row],[versi 1]],TRUE,FALSE) -> #N/A | I41: D
A42: 35159 | B42: =VLOOKUP(Table1[[#This Row],[kbli5]],master!$A$2:$B$1560,2,FALSE) -> AKTIVITAS PENUNJANG TENAGA LISTRIK LAINNYA | C42: Aktv penunjang tenaga listrik lainnya; Jasa pencatatan meter listrik;Biro Jasa; Pengurusan Listrik; penagihan rekening listrik; | E42: Potensial | G42: =VLOOKUP(Table1[[#This Row],[kbli5]],data_versi1!$B$2:$D$101,3, FALSE) -> #N/A | H42: =IF(Table1[[#This Row],[contoh_usaha]]=Table1[[#This Row],[versi 1]],TRUE,FALSE) -> #N/A | I42: D
A43: 35201 | B43: =VLOOKUP(Table1[[#This Row],[kbli5]],master!$A$2:$B$1560,2,FALSE) -> PRODUKSI GAS ALAM DAN BUATAN | C43: Produksi gas alam & buatan; PT Pertamina Hulu Rokan; fasilitas pengolahan gas alam; instalasi biogas pabrik kelapa sawit; Produksi LPG/biogas/hidrogen untuk bahan bakar; | E43: Esensial | G43: =VLOOKUP(Table1[[#This Row],[kbli5]],data_versi1!$B$2:$D$101,3, FALSE) -> #N/A | H43: =IF(Table1[[#This Row],[contoh_usaha]]=Table1[[#This Row],[versi 1]],TRUE,FALSE) -> #N/A | I43: D
A44: 35202 | B44: =VLOOKUP(Table1[[#This Row],[kbli5]],master!$A$2:$B$1560,2,FALSE) -> DISTRIBUSI GAS ALAM DAN BUATAN MELALUI JARINGAN | C44: Distribusi gas alam & buatan; Jaringan Gas Kota (Jargas) PGN Pekanbaru; distribusi gas bumi ke rumah tangga; penyaluran gas pipa ke pelanggan industri dan komersial; | E44: Esensial | G44: =VLOOKUP(Table1[[#This Row],[kbli5]],data_versi1!$B$2:$D$101,3, FALSE) -> #N/A | H44: =IF(Table1[[#This Row],[contoh_usaha]]=Table1[[#This Row],[versi 1]],TRUE,FALSE) -> #N/A | I44: D
A45: 35301 | B45: =VLOOKUP(Table1[[#This Row],[kbli5]],master!$A$2:$B$1560,2,FALSE) -> PENGADAAN UAP/AIR PANAS DAN UDARA DINGIN | C45: Pengadaan uap/air panas & udara dingin; Penyedia steam PT RAPP; Utilitas uap PT Indah Kiat Perawang; Boiler pabrik kelapa sawit; | E45: Potensial | G45: =VLOOKUP(Table1[[#This Row],[kbli5]],data_versi1!$B$2:$D$101,3, FALSE) -> #N/A | H45: =IF(Table1[[#This Row],[contoh_usaha]]=Table1[[#This Row],[versi 1]],TRUE,FALSE) -> #N/A | I45: D
... A48: 35402 | B48: =VLOOKUP(Table1[[#This Row],[kbli5]],master!$A$2:$B$1560,2,FALSE) -> AKTIVITAS BROKER DAN AGEN PENJUALAN GAS ALAM | C48: Aktv broker & agen penjualan gas alam; Agen penjualan gas LPG; Agen pemasaran gas bumi untuk industri; broker perdagangan gas alam; | E48: Umum Ditemukan | G48: =VLOOKUP(Table1[[#This Row],[kbli5]],data_versi1!$B$2:$D$101,3, FALSE) -> #N/A | H48: =IF(Table1[[#This Row],[contoh_usaha]]=Table1[[#This Row],[versi 1]],TRUE,FALSE) -> #N/A | I48: D
A49: 36001 | B49: =VLOOKUP(Table1[[#This Row],[kbli5]],master!$A$2:$B$1560,2,FALSE) -> PENGOLAHAN DAN PENYEDIAAN AIR MINUM | C49: PDAM; Perumda air minum tirta siak; UPT pengelolaan air minum; | E49: Esensial | F49: Ekonomi Hijau; | G49: =VLOOKUP(Table1[[#This Row],[kbli5]],data_versi1!$B$2:$D$101,3, FALSE) -> PDAM; Perumda air minum tirta siak; UPT pengelolaan air minum; | H49: =IF(Table1[[#This Row],[contoh_usaha]]=Table1[[#This Row],[versi 1]],TRUE,FALSE) -> TRUE | I49: E
A50: 36002 | B50: =VLOOKUP(Table1[[#This Row],[kbli5]],master!$A$2:$B$1560,2,FALSE) -> PENAMPUNGAN DAN PENYEDIAAN AIR BAKU | C50: Pengelola waduk air baku; SPAM Durolis Dumai; Pengelolaan air baku waduk koto panjang; | E50: Esensial | F50: Ekonomi Hijau; | G50: =VLOOKUP(Table1[[#This Row],[kbli5]],data_versi1!$B$2:$D$101,3, FALSE) -> Pengelola waduk air baku; SPAM Durolis Dumai; Pengelolaan air baku waduk koto panjang; | H50: =IF(Table1[[#This Row],[contoh_usaha]]=Table1[[#This Row],[versi 1]],TRUE,FALSE) -> TRUE | I50: E
A51: 36003 | B51: =VLOOKUP(Table1[[#This Row],[kbli5]],master!$A$2:$B$1560,2,FALSE) -> AKTIVITAS PENUNJANG PENYEDIAAN AIR | C51: Pedagang air keliling/pikulan/mobil tangki; Jasa mobil tangki air bersih; penyewaan jaringan distribusi air; | E51: Umum Ditemukan | F51: Ekonomi Hijau; | G51: =VLOOKUP(Table1[[#This Row],[kbli5]],data_versi1!$B$2:$D$101,3, FALSE) -> Pedagang air keliling/pikulan/mobil tangki; Jasa mobil tangki air bersih; penyewaan jaringan distribusi air; | H51: =IF(Table1[[#This Row],[contoh_usaha]]=Table1[[#This Row],[versi 1]],TRUE,FALSE) -> TRUE | I51: E
A52: 37001 | B52: =VLOOKUP(Table1[[#This Row],[kbli5]],master!$A$2:$B$1560,2,FALSE) -> PENGUMPULAN AIR LIMBAH | C52: Pengelola saluran limbah; Jasa sedot WC; Jasa penyedotan tangki septik; | E52: Umum Ditemukan | F52: Ekonomi Hijau; | G52: =VLOOKUP(Table1[[#This Row],[kbli5]],data_versi1!$B$2:$D$101,3, FALSE) -> Pengelola saluran limbah; Jasa sedot WC; Jasa penyedotan tangki septik; | H52: =IF(Table1[[#This Row],[contoh_usaha]]=Table1[[#This Row],[versi 1]],TRUE,FALSE) -> TRUE | I52: E
A53: 38110 | B53: =VLOOKUP(Table1[[#This Row],[kbli5]],master!$A$2:$B$1560,2,FALSE) -> PENGUMPULAN LIMBAH ATAU SAMPAH TIDAK BERBAHAYA | C53: Bank sampah; Jasa angkut sampah rumah tangga; Pengelola TPS; Unit pengangkutan sampah DLHK; | E53: Umum Ditemukan | F53: Ekonomi Hijau; | G53: =VLOOKUP(Table1[[#This Row],[kbli5]],data_versi1!$B$2:$D$101,3, FALSE) -> Bank sampah; Jasa angkut sampah rumah tangga; Pengelola TPS; Unit pengangkutan sampah DLHK; | H53: =IF(Table1[[#This Row],[contoh_usaha]]=Table1[[#This Row],[versi 1]],TRUE,FALSE) -> TRUE | I53: E
A54: 38212 | B54: =VLOOKUP(Table1[[#This Row],[kbli5]],master!$A$2:$B$1560,2,FALSE) -> PRODUKSI KOMPOS SAMPAH ORGANIK | C54: Rumah Kompos DLHK; unit pengolahan kompos sampah pasar; pengolahan kompos dari tandan kosong kelapa sawit; bank sampah penghasil kompos; | E54: Umum Ditemukan | F54: Ekonomi Hijau; | G54: =VLOOKUP(Table1[[#This Row],[kbli5]],data_versi1!$B$2:$D$101,3, FALSE) -> Rumah Kompos DLHK; unit pengolahan kompos sampah pasar; pengolahan kompos dari tandan kosong kelapa sawit; bank sampah penghasil kompos; | H54: =IF(Table1[[#This Row],[contoh_usaha]]=Table1[[#This Row],[versi 1]],TRUE,FALSE) -> TRUE | I54: E
A55: 38219 | B55: =VLOOKUP(Table1[[#This Row],[kbli5]],master!$A$2:$B$1560,2,FALSE) -> PENGOLAHAN DAN PEMBUANGAN LIMBAH ATAU SAMPAH TIDAK | C55: Tempat pembuangan akhir (TPA); Pengelola landfill sampah perkotaan; fasilitas pemusnahan sampah non; B3; | E55: Esensial | F55: Ekonomi Hijau; | G55: =VLOOKUP(Table1[[#This Row],[kbli5]],data_versi1!$B$2:$D$101,3, FALSE) -> Tempat pembuangan akhir (TPA); Pengelola landfill sampah perkotaan; fasilitas pemusnahan sampah non; B3; | H55: =IF(Table1[[#This Row],[contoh_usaha]]=Table1[[#This Row],[versi 1]],TRUE,FALSE) -> TRUE | I55: E
A56: 38301 | B56: =VLOOKUP(Table1[[#This Row],[kbli5]],master!$A$2:$B$1560,2,FALSE) -> PEMULIHAN MATERIAL BARANG LOGAM | C56: Pengepul pemulung besi tua; pengolah scrap logam Dumai; pengepul aluminium/tembaga bekas; Usaha pemotongan dan penjualan kembali besi bekas konstruksi; | E56: Umum Ditemukan | F56: Ekonomi Hijau; | G56: =VLOOKUP(Table1[[#This Row],[kbli5]],data_versi1!$B$2:$D$101,3, FALSE) -> Pengepul pemulung besi tua; pengolah scrap logam Dumai; pengepul aluminium/tembaga bekas; Usaha pemotongan dan penjualan kembali besi bekas konstruksi; | H56: =IF(Table1[[#This Row],[contoh_usaha]]=Table1[[#This Row],[versi 1]],TRUE,FALSE) -> TRUE | I56: E
A57: 38302 | B57: =VLOOKUP(Table1[[#This Row],[kbli5]],master!$A$2:$B$1560,2,FALSE) -> PEMULIHAN MATERIAL BARANG PLASTIK | C57: Pengepul dan pengolah botol plastik bekas; Usaha pencacahan plastik di Kampar; bank sampah pengolah plastik; produsen biji plastik daur ulang; | E57: Umum Ditemukan | F57: Ekonomi Hijau; | G57: =VLOOKUP(Table1[[#This Row],[kbli5]],data_versi1!$B$2:$D$101,3, FALSE) -> Pengepul dan pengolah botol plastik bekas; Usaha pencacahan plastik di Kampar; bank sampah pengolah plastik; produsen biji plastik daur ulang; | H57: =IF(Table1[[#This Row],[contoh_usaha]]=Table1[[#This Row],[versi 1]],TRUE,FALSE) -> TRUE | I57: E
A58: 58120 | B58: =VLOOKUP(Table1[[#This Row],[kbli5]],master!$A$2:$B$1560,2,FALSE) -> PENERBITAN SURAT KABAR | C58: Penerbitan Surat Kabar; Riau Pos; Tribun Pekanbaru; Goriau.co; Cakaplah.com; | E58: Esensial | G58: =VLOOKUP(Table1[[#This Row],[kbli5]],data_versi1!$B$2:$D$101,3, FALSE) -> Penerbitan Surat Kabar; Riau Pos; Tribun Pekanbaru; Goriau.co; Cakaplah.com; | H58: =IF(Table1[[#This Row],[contoh_usaha]]=Table1[[#This Row],[versi 1]],TRUE,FALSE) -> TRUE | I58: J
A59: 58130 | B59: =VLOOKUP(Table1[[#This Row],[kbli5]],master!$A$2:$B$1560,2,FALSE) -> PENERBITAN JURNAL DAN TERBITAN BERKALA | C59: Penerbitan jurnal; Penerbit di Perguruan Tinggi (cek lagi ke kampusnya); | E59: Potensial | F59: Industri Digital; | G59: =VLOOKUP(Table1[[#This Row],[kbli5]],data_versi1!$B$2:$D$101,3, FALSE) -> #N/A | H59: =IF(Table1[[#This Row],[contoh_usaha]]=Table1[[#This Row],[versi 1]],TRUE,FALSE) -> #N/A | I59: J
A60: 58190 | B60: =VLOOKUP(Table1[[#This Row],[kbli5]],master!$A$2:$B$1560,2,FALSE) -> AKTIVITAS PENERBITAN LAINNYA | C60: Penerbitan kartu pos; reproduksi karya seni; kreator sosmed berbasis gambar/foto; Hanya pasang link affiliate di bio/blog sosmed tanpa video; | E60: Potensial | F60: Industri Digital; | G60: =VLOOKUP(Table1[[#This Row],[kbli5]],data_versi1!$B$2:$D$101,3, FALSE) -> #N/A | H60: =IF(Table1[[#This Row],[contoh_usaha]]=Table1[[#This Row],[versi 1]],TRUE,FALSE) -> #N/A | I60: J
A61: 59111 | B61: =VLOOKUP(Table1[[#This Row],[kbli5]],master!$A$2:$B$1560,2,FALSE) -> AKTIVITAS PRODUKSI FILM, VIDEO, DAN PROGRAM TELEVISI OLEH PEMERINTAH | C61: produksi film/video/program tv oleh pemerintah; | E61: Potensial | F61: Industri Digital; | G61: =VLOOKUP(Table1[[#This Row],[kbli5]],data_versi1!$B$2:$D$101,3, FALSE) -> #N/A | H61: =IF(Table1[[#This Row],[contoh_usaha]]=Table1[[#This Row],[versi 1]],TRUE,FALSE) -> #N/A | I61: J
A62: 59112 | B62: =VLOOKUP(Table1[[#This Row],[kbli5]],master!$A$2:$B$1560,2,FALSE) -> AKTIVITAS PRODUKSI FILM, VIDEO, DAN PROGRAM TELEVISI OLEH SWASTA | C62: Produksi film/video/program tv oleh swasta; Production house; Kawan jalan; DHIA Production; | E62: Umum Ditemukan | F62: Industri Digital; | G62: =VLOOKUP(Table1[[#This Row],[kbli5]],data_versi1!$B$2:$D$101,3, FALSE) -> Produksi film/video/program tv oleh swasta; Production house; Kawan jalan; DHIA Production; | H62: =IF(Table1[[#This Row],[contoh_usaha]]=Table1[[#This Row],[versi 1]],TRUE,FALSE) -> TRUE | I62: J
A63: 59121 | B63: =VLOOKUP(Table1[[#This Row],[kbli5]],master!$A$2:$B$1560,2,FALSE) -> AKTIVITAS PASCAPRODUKSI FILM, VIDEO, DAN PROGRAM TELEVISI PEMERINTAH | C63: pascaproduksi film/video oleh pemerintah; | E63: Potensial | F63: Industri Digital; | G63: =VLOOKUP(Table1[[#This Row],[kbli5]],data_versi1!$B$2:$D$101,3, FALSE) -> #N/A | H63: =IF(Table1[[#This Row],[contoh_usaha]]=Table1[[#This Row],[versi 1]],TRUE,FALSE) -> #N/A | I63: J
A64: 59122 | B64: =VLOOKUP(Table1[[#This Row],[kbli5]],master!$A$2:$B$1560,2,FALSE) -> AKTIVITAS PASCAPRODUKSI FILM, VIDEO, DAN PROGRAM TELEVISI SWASTA | C64: pascaproduksi film/video oleh swasta; | E64: Potensial | F64: Industri Digital; | G64: =VLOOKUP(Table1[[#This Row],[kbli5]],data_versi1!$B$2:$D$101,3, FALSE) -> #N/A | H64: =IF(Table1[[#This Row],[contoh_usaha]]=Table1[[#This Row],[versi 1]],TRUE,FALSE) -> #N/A | I64: J
A65: 59140 | B65: =VLOOKUP(Table1[[#This Row],[kbli5]],master!$A$2:$B$1560,2,FALSE) -> AKTIVITAS PEMUTARAN FILM | C65: Bioskop; layar tancap; XXI; CGV; Cinepolis; | E65: Umum Ditemukan | F65: Industri Digital; | G65: =VLOOKUP(Table1[[#This Row],[kbli5]],data_versi1!$B$2:$D$101,3, FALSE) -> Bioskop; layar tancap; XXI; CGV; Cinepolis; | H65: =IF(Table1[[#This Row],[contoh_usaha]]=Table1[[#This Row],[versi 1]],TRUE,FALSE) -> TRUE | I65: J
A66: 59201 | B66: =VLOOKUP(Table1[[#This Row],[kbli5]],master!$A$2:$B$1560,2,FALSE) -> AKTIVITAS PEREKAMAN SUARA | C66: studio rekaman suara; Mansionpro Music Studio & Recording; | E66: Umum Ditemukan | F66: Industri Digital; | G66: =VLOOKUP(Table1[[#This Row],[kbli5]],data_versi1!$B$2:$D$101,3, FALSE) -> studio rekaman suara; Mansionpro Music Studio & Recording; | H66: =IF(Table1[[#This Row],[contoh_usaha]]=Table1[[#This Row],[versi 1]],TRUE,FALSE) -> TRUE | I66: J
A67: 59202 | B67: =VLOOKUP(Table1[[#This Row],[kbli5]],master!$A$2:$B$1560,2,FALSE) -> AKTIVITAS PENERBITAN MUSIK DAN BUKU MUSIK | C67: penerbitan musik dan buku musik; Label musik; | E67: Potensial | F67: Industri Digital; | G67: =VLOOKUP(Table1[[#This Row],[kbli5]],data_versi1!$B$2:$D$101,3, FALSE) -> #N/A | H67: =IF(Table1[[#This Row],[contoh_usaha]]=Table1[[#This Row],[versi 1]],TRUE,FALSE) -> #N/A | I67: J
A68: 60101 | B68: =VLOOKUP(Table1[[#This Row],[kbli5]],master!$A$2:$B$1560,2,FALSE) -> AKTIVITAS PENYIARAN RADIO ANALOG | C68: Radio Analog; Radio aditya; radio barabas; RRI; | E68: Umum Ditemukan | F68: Industri Digital; | G68: =VLOOKUP(Table1[[#This Row],[kbli5]],data_versi1!$B$2:$D$101,3, FALSE) -> Radio Analog; Radio aditya; radio barabas; RRI; | H68: =IF(Table1[[#This Row],[contoh_usaha]]=Table1[[#This Row],[versi 1]],TRUE,FALSE) -> TRUE | I68: J
A69: 60102 | B69: =VLOOKUP(Table1[[#This Row],[kbli5]],master!$A$2:$B$1560,2,FALSE) -> AKTIVITAS PENYIARAN RADIO DIGITAL | C69: RRI digital; radio digital; | E69: Potensial | F69: Industri Digital; | G69: =VLOOKUP(Table1[[#This Row],[kbli5]],data_versi1!$B$2:$D$101,3, FALSE) -> #N/A | H69: =IF(Table1[[#This Row],[contoh_usaha]]=Table1[[#This Row],[versi 1]],TRUE,FALSE) -> #N/A | I69: J
A70: 60201 | B70: =VLOOKUP(Table1[[#This Row],[kbli5]],master!$A$2:$B$1560,2,FALSE) -> AKTIVITAS PENYIARAN DAN PEMROGRAMAN TELEVISI ANALOG | C70: Penyiaran TV analog; chanel tv analog; RTV; TVRI; | E70: Esensial | F70: Industri Digital; | G70: =VLOOKUP(Table1[[#This Row],[kbli5]],data_versi1!$B$2:$D$101,3, FALSE) -> Penyiaran TV analog; chanel tv analog; RTV; TVRI; | H70: =IF(Table1[[#This Row],[contoh_usaha]]=Table1[[#This Row],[versi 1]],TRUE,FALSE) -> TRUE | I70: J
... A80: 63900 | B80: =VLOOKUP(Table1[[#This Row],[kbli5]],master!$A$2:$B$1560,2,FALSE) -> AKTIVITAS JASA PORTAL PENCARIAN WEB DAN INFORMASI LAINNYA | C80: Jasa portal pencarian web & informasi; situs perbandingan harga; direktori bisnis; jasa kliping; | E80: Potensial | F80: Industri Digital; | G80: =VLOOKUP(Table1[[#This Row],[kbli5]],data_versi1!$B$2:$D$101,3, FALSE) -> #N/A | H80: =IF(Table1[[#This Row],[contoh_usaha]]=Table1[[#This Row],[versi 1]],TRUE,FALSE) -> #N/A | I80: K
A81: 64110 | B81: =VLOOKUP(Table1[[#This Row],[kbli5]],master!$A$2:$B$1560,2,FALSE) -> AKTIVITAS BANK SENTRAL | C81: Aktv Bank Cental; Bank Indonesia; | E81: Esensial | G81: =VLOOKUP(Table1[[#This Row],[kbli5]],data_versi1!$B$2:$D$101,3, FALSE) -> #N/A | H81: =IF(Table1[[#This Row],[contoh_usaha]]=Table1[[#This Row],[versi 1]],TRUE,FALSE) -> #N/A | I81: L
A82: 64121 | B82: =VLOOKUP(Table1[[#This Row],[kbli5]],master!$A$2:$B$1560,2,FALSE) -> PERBANKAN UMUM KONVENSIONAL | C82: Aktv Bank Konvensional; BRI; BNI; CIMB; OCBC; | E82: Esensial | G82: =VLOOKUP(Table1[[#This Row],[kbli5]],data_versi1!$B$2:$D$101,3, FALSE) -> #N/A | H82: =IF(Table1[[#This Row],[contoh_usaha]]=Table1[[#This Row],[versi 1]],TRUE,FALSE) -> #N/A | I82: L
A83: 64122 | B83: =VLOOKUP(Table1[[#This Row],[kbli5]],master!$A$2:$B$1560,2,FALSE) -> PERBANKAN UMUM SYARIAH | C83: Perbankan Syariah; BSI; Bank Muamalat; CIMB Syariah; | E83: Esensial | G83: =VLOOKUP(Table1[[#This Row],[kbli5]],data_versi1!$B$2:$D$101,3, FALSE) -> #N/A | H83: =IF(Table1[[#This Row],[contoh_usaha]]=Table1[[#This Row],[versi 1]],TRUE,FALSE) -> #N/A | I83: L
A84: 64123 | B84: =VLOOKUP(Table1[[#This Row],[kbli5]],master!$A$2:$B$1560,2,FALSE) -> PERBANKAN KONVENSIONAL LAINNYA | C84: Perbankan konvensional lainnya; PT. BPR Payung Negeri Bestari; PT BPR Pekanbaru; | E84: Esensial | G84: =VLOOKUP(Table1[[#This Row],[kbli5]],data_versi1!$B$2:$D$101,3, FALSE) -> #N/A | H84: =IF(Table1[[#This Row],[contoh_usaha]]=Table1[[#This Row],[versi 1]],TRUE,FALSE) -> #N/A | I84: L
A85: 64124 | B85: =VLOOKUP(Table1[[#This Row],[kbli5]],master!$A$2:$B$1560,2,FALSE) -> PERBANKAN SYARIAH LAINNYA | C85: Perbankan syariah lainnya; PT. BPR Syariah Hasanah; Bank Syariah Berkah; | E85: Esensial | G85: =VLOOKUP(Table1[[#This Row],[kbli5]],data_versi1!$B$2:$D$101,3, FALSE) -> #N/A | H85: =IF(Table1[[#This Row],[contoh_usaha]]=Table1[[#This Row],[versi 1]],TRUE,FALSE) -> #N/A | I85: L
A86: 64191 | B86: =VLOOKUP(Table1[[#This Row],[kbli5]],master!$A$2:$B$1560,2,FALSE) -> AKTIVITAS PEMBERIAN KREDIT OLEH KOPERASI KONVENSIONAL | C86: Kredit oleh koperasi konvensional; KSP Nasari KC Pekanbaru; Koperasi Simpan Pinjam Sejahtera Usaha Mandiri; | E86: Esensial | G86: =VLOOKUP(Table1[[#This Row],[kbli5]],data_versi1!$B$2:$D$101,3, FALSE) -> #N/A | H86: =IF(Table1[[#This Row],[contoh_usaha]]=Table1[[#This Row],[versi 1]],TRUE,FALSE) -> #N/A | I86: L
A87: 64953 | B87: =VLOOKUP(Table1[[#This Row],[kbli5]],master!$A$2:$B$1560,2,FALSE) -> AKTIVITAS GADAI KONVENSIONAL | C87: Aktv gadai konvensional; pegadaian; | E87: Esensial | G87: =VLOOKUP(Table1[[#This Row],[kbli5]],data_versi1!$B$2:$D$101,3, FALSE) -> #N/A | H87: =IF(Table1[[#This Row],[contoh_usaha]]=Table1[[#This Row],[versi 1]],TRUE,FALSE) -> #N/A | I87: L
A88: 64954 | B88: =VLOOKUP(Table1[[#This Row],[kbli5]],master!$A$2:$B$1560,2,FALSE) -> AKTIVITAS GADAI SYARIAH | C88: Aktivitas gadai syariah; pegadaian syariah; | E88: Esensial | G88: =VLOOKUP(Table1[[#This Row],[kbli5]],data_versi1!$B$2:$D$101,3, FALSE) -> #N/A | H88: =IF(Table1[[#This Row],[contoh_usaha]]=Table1[[#This Row],[versi 1]],TRUE,FALSE) -> #N/A | I88: L
A89: 68125 | B89: =VLOOKUP(Table1[[#This Row],[kbli5]],master!$A$2:$B$1560,2,FALSE) -> PENGELOLAAN PUSAT PERBELANJAAN | C89: Pengelola pusat perbelanjaan; Pengelola Mall; | E89: Umum Ditemukan | G89: =VLOOKUP(Table1[[#This Row],[kbli5]],data_versi1!$B$2:$D$101,3, FALSE) -> #N/A | H89: =IF(Table1[[#This Row],[contoh_usaha]]=Table1[[#This Row],[versi 1]],TRUE,FALSE) -> #N/A | I89: L
A90: 85101 | B90: =VLOOKUP(Table1[[#This Row],[kbli5]],master!$A$2:$B$1560,2,FALSE) -> PENDIDIKAN TAMAN KANAK-KANAK UMUM PEMERINTAH | C90: TK Negeri; TK Pembina; | E90: Esensial | G90: =VLOOKUP(Table1[[#This Row],[kbli5]],data_versi1!$B$2:$D$101,3, FALSE) -> TK Negeri; TK Pembina; | H90: =IF(Table1[[#This Row],[contoh_usaha]]=Table1[[#This Row],[versi 1]],TRUE,FALSE) -> TRUE | I90: Q
A91: 85102 | B91: =VLOOKUP(Table1[[#This Row],[kbli5]],master!$A$2:$B$1560,2,FALSE) -> PENDIDIKAN TAMAN KANAK-KANAK UMUM SWASTA | C91: TK Swasta Umum; TK Bhayangkari; TK Kartika; | E91: Esensial | G91: =VLOOKUP(Table1[[#This Row],[kbli5]],data_versi1!$B$2:$D$101,3, FALSE) -> TK Swasta Umum; TK Bhayangkari; TK Kartika; | H91: =IF(Table1[[#This Row],[contoh_usaha]]=Table1[[#This Row],[versi 1]],TRUE,FALSE) -> TRUE | I91: Q
A92: 85103 | B92: =VLOOKUP(Table1[[#This Row],[kbli5]],master!$A$2:$B$1560,2,FALSE) -> PENDIDIKAN PRASEKOLAH KEAGAMAAN ISLAM | C92: TK Islam; TK Aisyiah; TK Annamiroh; RA; | E92: Esensial | G92: =VLOOKUP(Table1[[#This Row],[kbli5]],data_versi1!$B$2:$D$101,3, FALSE) -> TK Islam; TK Aisyiah; TK Annamiroh; RA; | H92: =IF(Table1[[#This Row],[contoh_usaha]]=Table1[[#This Row],[versi 1]],TRUE,FALSE) -> TRUE | I92: Q
... A148: 94990 | B148: =VLOOKUP(Table1[[#This Row],[kbli5]],master!$A$2:$B$1560,2,FALSE) -> AKTIVITAS ORGANISASI KEANGGOTAAN LAINNYA YTDL | C148: Aktv organisasi lainnya; KNPI (Komite Nasional Pemuda Indonesia) Riau; LSM Lingkungan hidup seperti WALHI Riau atau Jikalahari; Komunitas hobi seperti Pekanbaru Photography Club; Klub Mobil (Lotov, PSF); | E148: Umum Ditemukan | G148: =VLOOKUP(Table1[[#This Row],[kbli5]],data_versi1!$B$2:$D$101,3, FALSE) -> #N/A | H148: =IF(Table1[[#This Row],[contoh_usaha]]=Table1[[#This Row],[versi 1]],TRUE,FALSE) -> #N/A | I148: T
A149: 95101 | B149: =VLOOKUP(Table1[[#This Row],[kbli5]],master!$A$2:$B$1560,2,FALSE) -> REPARASI DAN PEMELIHARAAN KOMPUTER DAN PERALATAN SEJENISNYA | C149: Reparasi & pemeliharaan komputer; Servis Laptop di Jl. Tuanku Tambusai/Nangka (Pekanbaru). Jasa teknisi panggilan perbaikan server kantor di area perkantoran Sudirman; | E149: Umum Ditemukan | F149: Industri digital; | G149: =VLOOKUP(Table1[[#This Row],[kbli5]],data_versi1!$B$2:$D$101,3, FALSE) -> #N/A | H149: =IF(Table1[[#This Row],[contoh_usaha]]=Table1[[#This Row],[versi 1]],TRUE,FALSE) -> #N/A | I149: T
A150: 95102 | B150: =VLOOKUP(Table1[[#This Row],[kbli5]],master!$A$2:$B$1560,2,FALSE) -> REPARASI DAN PEMELIHARAAN PERALATAN KOMUNIKASI | C150: Reparasi & pemeliharaan alat komunikasi; Service Center HP Resmi/ non resmi (Samsung/ Oppo/ Xiaomi) di Mal Pekanbaru; Jasa perbaikan radio komunikasi (HT) untuk pekerja lapangan site kelapa sawit/migas; | E150: Umum Ditemukan | G150: =VLOOKUP(Table1[[#This Row],[kbli5]],data_versi1!$B$2:$D$101,3, FALSE) -> #N/A | H150: =IF(Table1[[#This Row],[contoh_usaha]]=Table1[[#This Row],[versi 1]],TRUE,FALSE) -> #N/A | I150: T
A151: 95210 | B151: =VLOOKUP(Table1[[#This Row],[kbli5]],master!$A$2:$B$1560,2,FALSE) -> REPARASI DAN PEMELIHARAAN ALAT-ALAT ELEKTRONIK KONSUMEN | C151: Reparasi & pemeliharaan alat elektronik; Servis TV; Servis radio; | E151: Umum Ditemukan | G151: =VLOOKUP(Table1[[#This Row],[kbli5]],data_versi1!$B$2:$D$101,3, FALSE) -> #N/A | H151: =IF(Table1[[#This Row],[contoh_usaha]]=Table1[[#This Row],[versi 1]],TRUE,FALSE) -> #N/A | I151: T
A152: 95220 | B152: =VLOOKUP(Table1[[#This Row],[kbli5]],master!$A$2:$B$1560,2,FALSE) -> REPARASI DAN PEMELIHARAAN PERALATAN RUMAH TANGGA DAN | C152: Reparasi peralatan rumah tangga & kebun; Servis mesin cuci; servis AC; servis mesin potong rumput; Servis kulkas; servis motor listrik; | E152: Umum Ditemukan | G152: =VLOOKUP(Table1[[#This Row],[kbli5]],data_versi1!$B$2:$D$101,3, FALSE) -> #N/A | H152: =IF(Table1[[#This Row],[contoh_usaha]]=Table1[[#This Row],[versi 1]],TRUE,FALSE) -> #N/A | I152: T
A153: 95230 | B153: =VLOOKUP(Table1[[#This Row],[kbli5]],master!$A$2:$B$1560,2,FALSE) -> REPARASI DAN PEMELIHARAAN ALAS KAKI DAN BARANG DARI KULIT | C153: Reparasi & pemeliharaan alas kaki & barang dari kulit; Tukang sol sepatu; Iwashed; shoe care; servis tas dekat pasar Cik Puan; | E153: Umum Ditemukan | G153: =VLOOKUP(Table1[[#This Row],[kbli5]],data_versi1!$B$2:$D$101,3, FALSE) -> #N/A | H153: =IF(Table1[[#This Row],[contoh_usaha]]=Table1[[#This Row],[versi 1]],TRUE,FALSE) -> #N/A | I153: T
A154: 95240 | B154: =VLOOKUP(Table1[[#This Row],[kbli5]],master!$A$2:$B$1560,2,FALSE) -> REPARASI DAN PEMELIHARAAN FURNITUR DAN PERLENGKAPAN RUMAH | C154: Reparasi furnitur & perlengkapan rumah; | E154: Umum Ditemukan | G154: =VLOOKUP(Table1[[#This Row],[kbli5]],data_versi1!$B$2:$D$101,3, FALSE) -> #N/A | H154: =IF(Table1[[#This Row],[contoh_usaha]]=Table1[[#This Row],[versi 1]],TRUE,FALSE) -> #N/A | I154: T
A155: 95291 | B155: =VLOOKUP(Table1[[#This Row],[kbli5]],master!$A$2:$B$1560,2,FALSE) -> AKTIVITAS VERMAK PAKAIAN | C155: Aktv vermak pakaian; vermak levis; vermak pakaian; | E155: Umum Ditemukan | G155: =VLOOKUP(Table1[[#This Row],[kbli5]],data_versi1!$B$2:$D$101,3, FALSE) -> #N/A | H155: =IF(Table1[[#This Row],[contoh_usaha]]=Table1[[#This Row],[versi 1]],TRUE,FALSE) -> #N/A | I155: T
A156: 95311 | B156: =VLOOKUP(Table1[[#This Row],[kbli5]],master!$A$2:$B$1560,2,FALSE) -> REPARASI MOBIL | C156: Reparasi mobil; bengkel mobil resmi ataupun tidak; balacing/spooring ban; perbaikan AC mobil; | E156: Umum Ditemukan | G156: =VLOOKUP(Table1[[#This Row],[kbli5]],data_versi1!$B$2:$D$101,3, FALSE) -> #N/A | H156: =IF(Table1[[#This Row],[contoh_usaha]]=Table1[[#This Row],[versi 1]],TRUE,FALSE) -> #N/A | I156: T
A157: 95312 | B157: =VLOOKUP(Table1[[#This Row],[kbli5]],master!$A$2:$B$1560,2,FALSE) -> PENCUCIAN DAN SALON MOBIL | C157: Cuci & salon mobil; car wash otomatis/ manual; coating; cat mobil; | E157: Umum Ditemukan | G157: =VLOOKUP(Table1[[#This Row],[kbli5]],data_versi1!$B$2:$D$101,3, FALSE) -> #N/A | H157: =IF(Table1[[#This Row],[contoh_usaha]]=Table1[[#This Row],[versi 1]],TRUE,FALSE) -> #N/A | I157: T
A158: 95320 | B158: =VLOOKUP(Table1[[#This Row],[kbli5]],master!$A$2:$B$1560,2,FALSE) -> REPARASI DAN PERAWATAN SEPEDA MOTOR | C158: Reparasi & perawatan sepeda motor; bengkel motor remi ataupun tidak; pengecatan; mofidikasi bodi motor; | E158: Umum Ditemukan | G158: =VLOOKUP(Table1[[#This Row],[kbli5]],data_versi1!$B$2:$D$101,3, FALSE) -> #N/A | H158: =IF(Table1[[#This Row],[contoh_usaha]]=Table1[[#This Row],[versi 1]],TRUE,FALSE) -> #N/A | I158: T
A159: 96100 | B159: =VLOOKUP(Table1[[#This Row],[kbli5]],master!$A$2:$B$1560,2,FALSE) -> AKTIVITAS PENCUCIAN DAN PEMBERSIHAN PRODUK TEKSTIL DAN BULU | C159: Aktv pencucian & pembersihan produk tekstil; Jasa laundry kiloan/satuan; dry cleaning pakaian; cuci karpet cuci gorden; cuci selimut. | E159: Umum Ditemukan | G159: =VLOOKUP(Table1[[#This Row],[kbli5]],data_versi1!$B$2:$D$101,3, FALSE) -> #N/A | H159: =IF(Table1[[#This Row],[contoh_usaha]]=Table1[[#This Row],[versi 1]],TRUE,FALSE) -> #N/A | I159: T
A160: 96210 | B160: =VLOOKUP(Table1[[#This Row],[kbli5]],master!$A$2:$B$1560,2,FALSE) -> AKTIVITAS PENATAAN DAN PANGKAS RAMBUT | C160: Aktv penataan & pangkas rambut; salon rambut; barbershop; pangkas rambut pinggir jalan; jasa hair do untuk pernikahan, wisuda, dll; | E160: Umum Ditemukan | G160: =VLOOKUP(Table1[[#This Row],[kbli5]],data_versi1!$B$2:$D$101,3, FALSE) -> #N/A | H160: =IF(Table1[[#This Row],[contoh_usaha]]=Table1[[#This Row],[versi 1]],TRUE,FALSE) -> #N/A | I160: T
A161: 96220 | B161: =VLOOKUP(Table1[[#This Row],[kbli5]],master!$A$2:$B$1560,2,FALSE) -> AKTIVITAS PERAWATAN KECANTIKAN DAN PERAWATAN KECANTIKAN | C161: Aktv perawatan kecantikan lainnya; jasa kecantikan non medis; nail art (biasanya ada di mall); eyelash studio; sulam alis; waxing; make up artist (MUA); | E161: Umum Ditemukan | G161: =VLOOKUP(Table1[[#This Row],[kbli5]],data_versi1!$B$2:$D$101,3, FALSE) -> #N/A | H161: =IF(Table1[[#This Row],[contoh_usaha]]=Table1[[#This Row],[versi 1]],TRUE,FALSE) -> #N/A | I161: T
... A165: 99000 | B165: =VLOOKUP(Table1[[#This Row],[kbli5]],master!$A$2:$B$1560,2,FALSE) -> AKTIVITAS BADAN INTERNASIONAL DAN BADAN EKSTRA | C165: Badan Internasional; Penampungan pengungsi; Konsulat Malaysia di Pekanbaru; UNHCR (United Nations High Commissioner for Refugees) Perwakilan Pekanbaru; IOM (International Organization for Migration) Perwakilan Pekanbaru; Organisasi internasional pengelola logistik, tempat tinggal, & kebutuhan dasar harian pengungsi luar negeri; | E165: Esensial | G165: =VLOOKUP(Table1[[#This Row],[kbli5]],data_versi1!$B$2:$D$101,3, FALSE) -> #N/A | H165: =IF(Table1[[#This Row],[contoh_usaha]]=Table1[[#This Row],[versi 1]],TRUE,FALSE) -> #N/A | I165: V

Sheet daricanva
A1: [D] 35111 | B1: PLTU Tenayan Pekanbaru; PLTGU Riau Pekanbaru; PLTMG Balai Pungut Bengkalis; PLTMG Teluk Lembu; Turbin Gas PHR; PLTU Batu Bara Industri; | C1: Esensial
A3: [D] 35120 | B3: PLTA Koto Panjang Kampar; Pembangkit Biomassa PT RAPP & PT IKPP; PLTBg PKS Kelapa Sawit; | C3: Esensial
A5: [D] 35131 | B5: PT PLN UID Riau dan Kepulauan Riau; UPT Transmisi Pekanbaru; Gardu Induk Tenayan Raya; jaringan distribusi listrik PLN; | C5: Esensial
A7: [D] 35201 | B7: Produksi gas alam & buatan; PT Pertamina Hulu Rokan; fasilitas pengolahan gas alam; instalasi biogas pabrik kelapa sawit; Produksi LPG/biogas/hidrogen untuk bahan bakar; | C7: Esensial
A9: [D] 35202 | B9: Distribusi gas alam & buatan; Jaringan Gas Kota (Jargas) PGN Pekanbaru; distribusi gas bumi ke rumah tangga; penyaluran gas pipa ke pelanggan industri dan komersial; | C9: Esensial
A11: [E] 36001♻️ | B11: PDAM; Perumda air minum tirta siak; UPT pengelolaan air minum; | C11: Esensial
A13: [E] 36002♻️ | B13: Pengelola waduk air baku; SPAM Durolis Dumai; Pengelolaan air baku waduk koto panjang; | C13: Esensial
A15: [E] 38219 ♻️ | B15: Tempat pembuangan akhir (TPA); Pengelola landfill sampah perkotaan; fasilitas pemusnahan sampah non; B3; | C15: Esensial
A17: [ I ] 55101 🌐♻️ | B17: Hotel Btg 5; Hotel internasional berbintang lima (misalnya jaringan hotel global); Resort mewah dengan standar bintang lima; Labersa hotel; Araduta hotel; | C17: Esensial
A19: [ I ] 55102 | B19: Hotel Btg 4; Premiere; Fox; Zuri PKU & Dumai; Asnof; | C19: Esensial
A21: [ I ] 55103 | B21: Hotel Btg 3; Swiss Bellin SKA; Furaya; Dafam; | C21: Esensial
A23: [ I ] 55104 | B23: Hotel Btg 2; | C23: Esensial
... A283: [T] 96900 | B283: Jasa Lainnya; penitipan & perawatan hewan; biro jodoh; ramalasan; jasa valet parking (biasanya di hotel berbintang); photobox; penampungan hewan (saung kucing, rumah kucing); seniman tato; jasa pemasangan hena; Event Organizer (EO) acara pribadi (wedding organizer, pesta ualng tahun); | C283: Umum Ditemukan
A285: [D] 35132 | B285: Aktivitas penyimpanan tenaga listrik; perusahaan yang mengoperasikan fasilitas penyimpanan energi sebagai penunjang internal (PHR, RAPP, IKPP, PLN);
A287: [D] 35133 | B287: SPKLU; pengisian daya; kendaraan listrik;
A289: [D] 35140 | B289: PT RAPP; PT Indah Kiat; SPKLU terintegrasi dengan pembangkit;
A291: [D] 35151 | B291: Operator instalasi listrik; Jasa Operator & Perawatan Genset; jasa operasi PLTU Tenayan Raya; jasa pengoperasian gardu induk PLN;
A293: [D] 35159 | B293: Aktv penunjang tenaga listrik lainnya; Jasa pencatatan meter listrik;Biro Jasa; Pengurusan Listrik; penagihan rekening listrik;
A295: [D] 35301 | B295: Pengadaan uap/air panas & udara dingin; Penyedia steam PT RAPP; Utilitas uap PT Indah Kiat Perawang; Boiler pabrik kelapa sawit;
A297: [ I ] 55202 | B297: Hostel Remaja; Bumi perkemahan; Camping ground; Kemping; Karavan; Campervan; Area camping; Wisata alam;
A299: [ I ] 55203 | B299: Aktivitas Vila; Vila wisata keluarga; Vila pegunungan; Vila pantai; Private villa; Resort villa;
A301: [ I ] 56400 🌐 | B301: Jasa intermediasi penyediaan makanan & minuman; Platform pemesanan maknaan & minuman;
A303: [J] 58130 🌐 | B303: Penerbitan jurnal; Penerbit di Perguruan Tinggi (cek lagi ke kampusnya);
A305: [J] 58190 🌐 | B305: Penerbitan kartu pos; reproduksi karya seni; kreator sosmed berbasis gambar/foto; Hanya pasang link affiliate di bio/blog sosmed tanpa video;
A307: [J] 59111 🌐 | B307: produksi film/video/program tv oleh pemerintah;
... A327: [K] 63900 🌐 | B327: Jasa portal pencarian web & informasi; situs perbandingan harga; direktori bisnis; jasa kliping;

Sheet data_versi1
A1: kbli1 | B1: kbli5 | C1: judul | D1: contoh_usaha | E1: kata_kunci | F1: kategori
A2: E | B2: 36001 | C2: PENGOLAHAN DAN PENYEDIAAN AIR MINUM | D2: PDAM; Perumda air minum tirta siak; UPT pengelolaan air minum; | F2: Esensial
A3: E | B3: 36002 | C3: PENAMPUNGAN DAN PENYEDIAAN AIR BAKU | D3: Pengelola waduk air baku; SPAM Durolis Dumai; Pengelolaan air baku waduk koto panjang; | F3: Esensial
A4: E | B4: 38219 | C4: PENGOLAHAN DAN PEMBUANGAN LIMBAH ATAU SAMPAH TIDAK | D4: Tempat pembuangan akhir (TPA); Pengelola landfill sampah perkotaan; fasilitas pemusnahan sampah non; B3; | F4: Esensial
A5: I | B5: 55101 | C5: AKTIVITAS HOTEL BINTANG LIMA | D5: Hotel Btg 5; Hotel internasional berbintang lima (misalnya jaringan hotel global); Resort mewah dengan standar bintang lima; Labersa hotel; Araduta hotel; | E5: Hotel bintang lima; Akomodasi; Penginapan; perhotelan; Hospitality; Penyediaan kamar; Jasa hotel; Resort mewah; Layanan inap; Fasilitas hotel | F5: Esensial
A6: I | B6: 55102 | C6: AKTIVITAS HOTEL BINTANG EMPAT | D6: Hotel Btg 4; Premiere; Fox; Zuri PKU & Dumai; Asnof; | E6: Hotel bintang empat; Akomodasi; Penginapan; Jasa hotel; Hospitality; Penyediaan kamar | F6: Esensial
A7: I | B7: 55103 | C7: AKTIVITAS HOTEL BINTANG TIGA | D7: Hotel Btg 3; Swiss Bellin SKA; Furaya; Dafam; | E7: Hotel bintang tiga; Penginapan; Akomodasi; Jasa hotel; Hospitality; Penyediaan kamar | F7: Esensial
A8: I | B8: 55104 | C8: AKTIVITAS HOTEL BINTANG DUA | D8: Hotel Btg 2; | E8: Hotel bintang dua;Penginapan;Akomodasi;Jasa hotel;Penyediaan kamar;Perhotelan; | F8: Esensial
A9: I | B9: 55105 | C9: AKTIVITAS HOTEL BINTANG SATU | D9: Hotel Btg 1; Hotel melati berbintang; Budget hotel; Hotel transit sederhana; Hotel wisata kecil; holiday hotel; sabrina 45 hotel; | E9: Hotel bintang satu;Penginapan;Akomodasi;Hotel sederhana;Penyediaan kamar; | F9: Esensial
A10: I | B10: 55106 | C10: AKTIVITAS HOTEL NONBINTANG | D10: Hotel Non Bintang; Losmen; Wisma penginapan; Hotel melati; Guest house sederhana; Penginapan harian; | E10: Hotel melati;Losmen;Penginapan;Akomodasi sederhana;Wisma;Guest house sederhana; | F10: Esensial
A11: I | B11: 55201 | C11: AKTIVITAS RUMAH TINGGAL SEWA (HOMESTAY) | D11: Homestay; Cottage wisata pantai; Bungalow resort; Cabin wisata alam; Eco lodge; Penginapan wisata keluarga; | E11: Akomodasi jangka pendek;Cottage;Bungalow;Cabin;Penginapan wisata;Wisma wisata; | F11: Esensial
A12: J | B12: 58120 | C12: PENERBITAN SURAT KABAR | D12: Penerbitan Surat Kabar; Riau Pos; Tribun Pekanbaru; Goriau.co; Cakaplah.com; | F12: Esensial
A13: J | B13: 60201 | C13: AKTIVITAS PENYIARAN DAN PEMROGRAMAN TELEVISI ANALOG | D13: Penyiaran TV analog; chanel tv analog; RTV; TVRI; | F13: Esensial
A14: J | B14: 60311 | C14: AKTIVITAS KANTOR BERITA OLEH PEMERINTAH | D14: Kantor berita pemerintah; ANTARA; | F14: Esensial
A15: K | B15: 61108 | C15: AKTIVITAS JASA TELEPONI DASAR | D15: Teleponi dasar; telpon kabel; Telkom; | F15: Esensial
A16: K | B16: 61103 | C16: AKTIVITAS TELEKOMUNIKASI DENGAN SATELIT | D16: Telekomunikasi satelit; telkomsat; satelit nusantara tiga; indosat ooredoo hutchison; | F16: Esensial
A17: Q | B17: 85101 | C17: PENDIDIKAN TAMAN KANAK-KANAK UMUM PEMERINTAH | D17: TK Negeri; TK Pembina; | F17: Esensial
A18: Q | B18: 85102 | C18: PENDIDIKAN TAMAN KANAK-KANAK UMUM SWASTA | D18: TK Swasta Umum; TK Bhayangkari; TK Kartika; | F18: Esensial
A19: Q | B19: 85103 | C19: PENDIDIKAN PRASEKOLAH KEAGAMAAN ISLAM | D19: TK Islam; TK Aisyiah; TK Annamiroh; RA; | F19: Esensial
A20: Q | B20: 85104 | C20: PENDIDIKAN PRASEKOLAH KEAGAMAAN PROTESTAN, KATOLIK, HINDU, | D20: TK Protestan; Katolik; Hindu; Buddha; Konghucu; TK Exaudi HKBP; TK Meta Maitreya; | F20: Esensial
A21: Q | B21: 85201 | C21: PENDIDIKAN DASAR UMUM PEMERINTAH | D21: SD Negeri; | F21: Esensial
A22: Q | B22: 85202 | C22: PENDIDIKAN DASAR UMUM SWASTA | D22: SD Swasta Umum; SD Kartika; ICS; Dharmayudha; | F22: Esensial
A23: Q | B23: 85203 | C23: PENDIDIKAN DASAR KEAGAMAAN ISLAM | D23: SD Islam; MI; Muhammadyah; As-Shofa; MIN; | F23: Esensial
... A41: R | B41: 86102 | C41: AKTIVITAS PUSKESMAS | D41: Puskesmas Kecamatan; | F41: Esensial
A42: R | B42: 86103 | C42: AKTIVITAS RUMAH SAKIT SWASTA | D42: RS Swasta. RS Awal Bros; Eka Hospital; RS Anisa; | E42: rumah sakit; hospital; sakit | F42: Esensial
A43: R | B43: 86105 | C43: AKTIVITAS KLINIK SWASTA | D43: Klinik Swasta; Klinik Aisyiah; Klinik Siaga Medika; | F43: Esensial
A44: R | B44: 86201 | C44: AKTIVITAS PRAKTIK DOKTER | D44: Praktik dokter umum; | F44: Esensial
A45: R | B45: 86202 | C45: AKTIVITAS PRAKTIK DOKTER SPESIALIS | D45: praktik dokter Dasril Efendi Penyakit Dalam; Praktik Dokter Hotber Spesialis Anak; | F45: Esensial
A46: R | B46: 86993 | C46: AKTIVITAS PELAYANAN PENUNJANG KESEHATAN | D46: Aktv Penunjang Kesehatan; Lab Prodia; Lab Pramitha; | F46: Esensial
A47: R | B47: 88903 | C47: AKTIVITAS SOSIAL PENGUMPULAN DANA KEISLAMAN | D47: Baznaz; | F47: Esensial
A48: R | B48: 88906 | C48: PENDIDIKAN KELOMPOK BERMAIN | D48: KB (Belajar sambil bermain); playgroup; Alumna; | F48: Esensial
A49: R | B49: 88907 | C49: PENDIDIKAN TAMAN PENITIPAN ANAK | D49: TPA (penitipan dan pengasuhan anak); Daycare; | F49: Esensial
A50: S | B50: 91111 | C50: AKTIVITAS PERPUSTAKAAN PEMERINTAH | D50: Perpustakaan Pemerintah; Perpustakaan Soeman HS; | F50: Esensial
A51: S | B51: 91211 | C51: MUSEUM YANG DIKELOLA PEMERINTAH | D51: Museum Pemerintah; Istana Siak; | F51: Esensial
A52: S | B52: 91221 | C52: AKTIVITAS SITUS BERSEJARAH DAN MONUMEN YANG DIKELOLA | D52: Situs Bersejarah; Candi Muara Takus; | F52: Esensial
A53: E | B53: 36003 | C53: AKTIVITAS PENUNJANG PENYEDIAAN AIR | D53: Pedagang air keliling/pikulan/mobil tangki; Jasa mobil tangki air bersih; penyewaan jaringan distribusi air; | F53: Umum Ditemukan
A54: E | B54: 37001 | C54: PENGUMPULAN AIR LIMBAH | D54: Pengelola saluran limbah; Jasa sedot WC; Jasa penyedotan tangki septik; | F54: Umum Ditemukan
... A58: E | B58: 38302 | C58: PEMULIHAN MATERIAL BARANG PLASTIK | D58: Pengepul dan pengolah botol plastik bekas; Usaha pencacahan plastik di Kampar; bank sampah pengolah plastik; produsen biji plastik daur ulang; | F58: Umum Ditemukan
A59: I | B59: 55204 | C59: AKTIVITAS APARTEMEN HOTEL | D59: Apartemen hotel; Kampar Lake Villa; Riau Holiday House; Pekanbaru Guest House; Siak Heritage Cottage; Bengkalis Beach Bungalow; | E59: Vila harian;Villa rental;Cottage;Bungalow;Guest house;Holiday house;Vacation rental;Apartemen harian;Sewa vila;Sewa penginapan harian;Rumah liburan;Homestay;Short stay accommodation; | F59: Umum Ditemukan
A60: I | B60: 55209 | C60: AKTIVITAS PENYEDIAAN AKOMODASI JANGKA PENDEK LAINNYA | D60: Akomodasi jangka pendek lainnya; Bono Riverside Lodge; Siak Heritage Stay; Kampar Tourist House; Riau Visitor Lodge; Wisma Wisata Melayu; | E60: penyediaan akomodasi;penginapan jangka pendek;penyewaan penginapan harian;hostel;glamping;cabin;cottage;hotel kapsul;rumah pohon wisata;bed and breakfast; | F60: Umum Ditemukan
A61: I | B61: 55300 | C61: AKTIVITAS PENYEDIAAN BUMI PERKEMAHAN, PERSINGGAHAN KARAVAN, | D61: Bumi Perkemahan; Camping Ground Kampar; Campervan Park; Eco Camp; | E61: jasa sewa area camping;jasa penginapan tenda;penyewaan lahan campervan;jasa wisata berkemah;penyewaan shelter wisata;paket camping keluarga;area persinggahan caravan; | F61: Umum Ditemukan
A62: I | B62: 55901 | C62: AKTIVITAS JASA MANAJEMEN AKOMODASI | D62: Jasa manajemen akomodasi; Asrama Mahasiswa Riau; Mess Karyawan Sawit Jaya; Dormitory Pekanbaru; Asrama Atlet Riau; Graha Asrama Nusantara; | E62: Asrama;Dormitory;Student dormitory;Asrama mahasiswa;Asrama pelajar;Asrama pekerja;Asrama karyawan;Asrama atlet;Dorm;Mess karyawan;Mess pekerja;Boarding dormitory; | F62: Umum Ditemukan
A63: I | B63: 55909 | C63: PENYEDIAAN AKOMODASI LAINNYA YTDL | D63: Akomodasi lainnya; Kos Putra Riau; Kos Putri Pekanbaru; Graha Karyawan Sawit; Riau Co-Living Residence; Mess Pekerja Nusantara; | E63: Rumah kos;Kost;Boarding house;Co;living;Hunian bersama;Asrama pekerja;Mess karyawan;Worker dormitory;Student accommodation;Dormitory;Akomodasi pekerja;Akomodasi mahasiswa;Rumah sewa kamar; | F63: Umum Ditemukan
A64: I | B64: 56101 | C64: AKTIVITAS PENYEDIAAN MAKANAN DI BANGUNAN TETAP | D64: Penyediaan Makanan di bangunan tetap; Restoran Melayu Riau; Rumah Makan Selera Kampar; KFC; Gerai es krim; Kalgaris; Scoop me; Pizza hut delivery; Wareh Kupi; Kimteng; Candu Kuphie; Sanama; Restoran hotel (jika merupakan unit terpisah); JCO; Roti O; Baskin Robins; | E64: Restoran;Rumah makan;Restaurant;Family restaurant;Restoran seafood;Restoran Padang;Restoran Sunda;Restoran cepat saji;Restoran Chinese food;Restoran Jepang;Restoran Korea;Dine in;Casual dining;Fine dining; | F64: Umum Ditemukan
A65: I | B65: 56102 | C65: AKTIVITAS PENYEDIAAN MAKANAN DI BANGUNAN TIDAK TETAP | D65: Penyediaan Makanan di bangunan tidak tetap; Food truck; angkringan; siomay gerobak; bakso gerobak; | E65: warung tenda;food truck;street food;gerobak makanan;stan makanan;makanan keliling;booth makanan;pop;up food stall;usaha makanan tidak permanen; | F65: Umum Ditemukan
A66: I | B66: 56210 | C66: AKTIVITAS JASA BOGA UNTUK ACARA TERTENTU (EVENT CATERING) | D66: Jasa boga acara tertentu; Katering Selera Melayu; Riau Catering Service; Dapur Bunda Catering; Pekanbaru Jasa Boga; Berkah Catering; | E66: Catering;Katering;Jasa boga;Nasi kotak;Prasmanan;Buffet;Wedding catering;Event catering;Catering kantor;Catering seminar;Catering pesta;Catering hajatan;Paket konsumsi;Penyedia konsumsi acara; | F66: Umum Ditemukan
A67: I | B67: 56290 | C67: AKTIVITAS PENYEDIAAN JASA BOGA LAINNYA | D67: Jasa boga lainnya; SPPG; katering ke rumah tangga; kantin/kafetaria rumah sakit, pabrik, sekolah, kantor; | E67: Kantin perusahaan;Kantin sekolah;Kantin rumah sakit;Industrial catering;Institutional catering;Food service;Catering karyawan;Catering pabrik;Catering pekerja;Mess catering;Penyedia konsumsi rutin;Pengelolaan kantin;Catering kontrak;Jasa makanan institusi; | F67: Umum Ditemukan
A68: I | B68: 56301 | C68: AKTIVITAS BAR | D68: Aktivitas bar (minuman alkohol atau non alkohol); | E68: Coffee shop;Kedai kopi;Cafe minuman;Kedai teh;Tea shop;Bubble tea;Boba;Milk tea;Juice bar;Jus buah;Minuman kekinian;Kopi susu;Espresso bar;Kedai minuman;Beverage shop; | F68: Umum Ditemukan
A69: I | B69: 56302 | C69: AKTIVITAS KELAB MALAM ATAU DISKOTEK YANG UTAMANYA | D69: Aktivitas klab malam;diskotik; | E69: kelab malam (nightclub);diskotek;club / nightclub;tempat hiburan malam;dance club;lounge hiburan malam;live music club;entertainment bar (berbasis hiburan);penyediaan minuman utama + hiburan; | F69: Umum Ditemukan
A70: I | B70: 56303 | C70: AKTIVITAS RUMAH MINUM/KAFE | D70: Aktivitas rumah minum/kafe; oziq smoothies; chatime; warung jus; Kopi kenangan; tomoro; fore; Coffee shop modern yang makanannya sedikit/hanya snack; starbucks; jual jus di depan rumah; oziq smoothies; jual pop ice di depan rumah sendiri; | E70: rumah minum;kafe / cafe;coffee shop;beverage shop;tempat minum;kedai kopi modern;tea house / kedai teh;beverage bar (non;nightlife);tempat konsumsi minuman | F70: Umum Ditemukan
... A73: I | B73: 56306 | C73: AKTIVITAS PENYEDIAAN MINUMAN KELILING/TEMPAT TIDAK TETAP | D73: Penyediaan minuman keliling/tempat tidak tetap; Kopi sepeda; Kopi saka; Kopi kito; | E73: Minuman keliling;Gerobak minuman;Booth minuman;Stand minuman;Food truck minuman;Es teh keliling;Es jeruk;Kopi keliling;Minuman bazar;Minuman festival;Kios minuman sementara;Mobile beverage;Portable beverage stall; | F73: Umum Ditemukan
A74: J | B74: 59112 | C74: AKTIVITAS PRODUKSI FILM, VIDEO, DAN PROGRAM TELEVISI OLEH | D74: Produksi film/video/program tv oleh swasta; Production house; Kawan jalan; DHIA Production; | F74: Umum Ditemukan
A75: J | B75: 59140 | C75: AKTIVITAS PEMUTARAN FILM | D75: Bioskop; layar tancap; XXI; CGV; Cinepolis; | F75: Umum Ditemukan
A76: J | B76: 59201 | C76: AKTIVITAS PEREKAMAN SUARA | D76: studio rekaman suara; Mansionpro Music Studio & Recording; | F76: Umum Ditemukan
A77: J | B77: 60101 | C77: AKTIVITAS PENYIARAN RADIO ANALOG | D77: Radio Analog; Radio aditya; radio barabas; RRI; | F77: Umum Ditemukan
A78: K | B78: 61101 | C78: AKTIVITAS TELEKOMUNIKASI DENGAN KABEL | D78: Telekomunikasi kabel; Indihome; | F78: Umum Ditemukan
A79: K | B79: 61102 | C79: AKTIVITAS TELEKOMUNIKASI DENGAN NIRKABEL | D79: Telekomunikasi kabel; Telkomsel; | F79: Umum Ditemukan
A80: K | B80: 61104 | C80: AKTIVITAS JASA AKSES INTERNET (INTERNET SERVICE PROVIDER) | D80: ISP; Indihome; perusahaan penyedia wifi untuk internet di rumah; my republik; cipta informatika cemerlang; solnet; | F80: Umum Ditemukan
A81: K | B81: 61106 | C81: AKTIVITIAS JASA TELEVISI PROTOKOL INTERNET (IPTV) | D81: Tv protokol internet (IPTV); Indihome TV; MNC Play; FirstMedia; UseeTV | F81: Umum Ditemukan
A82: K | B82: 61209 | C82: AKTIVITAS PENJUALAN KEMBALI DAN JASA INTERMEDIASI UNTUK | D82: Jasa Intemediasi Telekomunikasi; wartel, warnet; jasa pihak ketiga yang memasang wifi/ kabel & tiang internet; pemasangan tv kabel; JUAL PULSA; KONTER PULSA; jual kartu perdana; | F82: Umum Ditemukan
A83: K | B83: 62199 | C83: AKTIVITAS PEMROGRAMAN KOMPUTER LAINNYA YTDL | D83: Aktivitas pemrograman; programmer freelance; perusahaan digital pembuatan aplikasi/website (ada kegiatan pemrograman di dalamnya); | F83: Umum Ditemukan
A84: K | B84: 62900 | C84: AKTIVITAS JASA TEKNOLOGI INFORMASI DAN KOMPUTER LAINNYA | D84: Jasa TI dan komputer lainnya; jasa perbaikan komputer; jasa servis komputer;jasa instalasi perangkat komputer; jasa servis perangkat TI lainnya; retyan computer; megakom; | F84: Umum Ditemukan
A85: K | B85: 63101 | C85: AKTIVITAS PENGOLAHAN DATA | D85: Aktivitas pengolahan data; freelance atau perusahaan yang menyediakan jasa pengolahan data; jasa mengolah data skripsi; | F85: Umum Ditemukan
... A101: S | B101: 90399 | C101: AKTIVITAS PENUNJANG PENCIPTAAN KARYA SENI DAN SENI | D101: sutradara & produser seni pertunjukan; manager panggung; desainer panggung; penata suara; penata cahaya; penata layar; | F101: Umum Ditemukan

Sheet kata_kunci
A1: kbli1 | B1: kbli5 | C1: judul | D1: ciri_usaha | E1: keyword_buku_kbli | F1: proses | G1: bahan_baku | H1: output
A2: D | B2: 35111 | C2: PEMBANGKITAN TENAGA LISTRIK DARI SUMBER ENERGI TIDAK TERBARUKAN YANG MENGHASILKAN EMISI | D2: Pengoperasian pembangkit listrik dari sumber energi tidak terbarukan yang bersal dari fosil (gas; alam; batu bara; minyak bumi; gambut) yang menghasilkan emisi; | E2: pembangkitan listrik; energi fosil; emisi; batu bara; PLTU; PLTD; PLTG; | F2: Mengoperasikan; membangkitkan; menghasilkan; | G2: Batu bara; gas alam; minyak bumi; gambut; BBM fosil; | H2: Tenaga listik; Energi listrik;
A3: D | B3: 35112 | C3: PEMBANGKITAN TENAGA LISTRIK DARI SUMBER ENERGI TIDAK TERBARUKAN YANG TIDAK MENGHASILKAN EMISI | D3: Pengoperasian pembangkit listrik dari sumber energi tidak terbarukan yang tidak menghasilkan emisi (nuklir; hidrogen; amonia); | E3: pembangkitan listrik; non emisi; nuklir; hidrogen; amonia; PLTN; | F3: Mengoperasikan; membangkitkan; menghasilkan; | G3: Nuklir; hidrogen; amonia; | H3: Tenaga listik; Energi listrik;
A4: D | B4: 35120 | C4: PEMBANGKITAN TENAGA LISTRIK DARI SUMBER ENERGI TERBARUKAN | D4: Pengoperasian pembangkit listrik dari sumber energi terbarukan (tenaga air; angin; surya; panas bumi; energi termal); | E4: energi terbarukan; PLTA; PLTS; PLTB; panas bumi; pembangkit listrik tenaga air/angin/surya; | F4: Mengoperasikan; membangkitkan; menghasilkan; | G4: Air; angin; sinar matahari; biomassa; panas bumi; | H4: Energi listrik;
A5: D | B5: 35131 | C5: AKTIVITAS PENYALURAN TENAGA LISTRIK | D5: Penyaluran dan mendistribusikan tenaga listrik melalui jaringan berasal dari produksi sendiri atau produksi pihak lain; | E5: distribusi listrik; transmisi listrik; jaringan listrik; gardu induk; PLN; | F5: Menyalurkan; mendistribusikan; | G5: Energi listrik; | H5: Distribusi tenaga listrik; jasa penyaluran;
A6: D | B6: 35132 | C6: AKTIVITAS PENYIMPANAN TENAGA LISTRIK | D6: Penyimpanan energi listrik untuk digunakan kembali; | E6: penyimpanan listrik; baterai; pump storage; SPBKLU; kendaraan listrik; | F6: Menyimpan; mengonversi; | G6: Energi listrik; baterai; | H6: Energi listrik tersimpan; Jasa penyimpanan tenaga listrik;
A7: D | B7: 35133 | C7: PENGOPERASIAN FASILITAS ATAU STASIUN PENGISIAN DAYA UNTUK KENDARAAN DAN PERALATAN LISTRIK | D7: Menyediakan fasilitas pengisian daya kendaraan dan peralatan listrik; | E7: SPKLU; pengisian daya; kendaraan listrik; | F7: Mengoperasikan; mengisi daya; menyediakan; | G7: Energi listrik; | H7: Jasa pengisian daya;
A8: D | B8: 35140 | C8: PENYEDIAAN TENAGA LISTRIK DALAM SATU KESATUAN USAHA | D8: Menyelenggarakan pembangkitan; distribusi; dan penjualan listrik secara terintegrasi; | E8: utilitas listrik terpadu; penyediaan tenaga listrik; | F8: Membangkitan; menyalurkan; menjual; | G8: Energi listrik; | H8: Penyediaan tenaga listrik;
A9: D | B9: 35151 | C9: PENGOPERASIAN INSTALASI PENYEDIAAN TENAGA LISTRIK | D9: Mengoperasikan instalasi penyediaan tenaga listrik yang dilakukan oleh pihak lain; | E9: operasi instalasi listrik; instalasi pembangkit; | F9: Mengoperasikan; | G9: Instalasi penyediaan tenaga listrik; | H9: Jasa operasi instalasi listrik;
A10: D | B10: 35152 | C10: PENGOPERASIAN INSTALASI PEMANFAATAN TENAGA LISTRIK | D10: Mengoperasikan instalasi pemanfaatan listrik dilakukan oleh pihak lain; | E10: instalasi listrik; | F10: Mengoperasikan; | G10: Instalasi pemanfaatan tenaga listrik; | H10: Jasa operasi instalasi listrik;
A11: D | B11: 35159 | C11: AKTIVITAS PENUNJANG TENAGA LISTRIK LAINNYA | D11: Memberikan jasa penunjang ketenagalistrikan; | E11: jasa penunjang listrik; pencatatan meter; | F11: Mencatat; pencatatan; menagih; | G11: Data meteran; sistem listrik; Data pemakaian listrik; | H11: Jasa penunjang listrik;
A12: D | B12: 35201 | C12: PRODUKSI GAS ALAM DAN BUATAN | D12: Mengolah dan memproduksi bahan bakar gas; | E12: produksi gas;gas alam; biogas; | F12: Mengolah; memproduksi; memurnikan; | G12: Gas alam; batubara; biomassa; | H12: Gas bahan bakar; gas alam olahan;
A13: D | B13: 35202 | C13: DISTRIBUSI GAS ALAM DAN BUATAN MELALUI JARINGAN | D13: Menyalurkan gas melalui jaringan pipa; | E13: distribusi gas; jaringan gas; gas pipa; | F13: Menyalurkan; mendistribusikan; mengalirkan; memasok; | G13: Gas alam; gas buatan; | H13: Distribusi gas;
... A52: I | B52: 55300 | C52: Aktivitas Penyediaan Bumi Perkemahan, Persinggahan Karavan, dan Taman Karavan | D52: kegiatan usaha penyediaan tempat menginap di alam terbuka seperti camping ground; caravan park; dan area persinggahan wisata.; | E52: jasa sewa area camping;jasa penginapan tenda;penyewaan lahan campervan;jasa wisata berkemah;penyewaan shelter wisata;paket camping keluarga;area persinggahan caravan; | F52: bumi perkemahan;camping ground;persinggahan karavan;taman karavan;akomodasi alam terbuka;tempat berkemah;caravan park;bivouac;shelter wisata alam; | G52: Mengacu ke KBLI; | H52: menyediakan;mengelola;mengoperasikan;menyewakan;menyelenggarakan;memfasilitasi;menerima wisatawan;menyediakan area camping;
A53: I | B53: 55400 | C53: Aktivitas Penyediaan Ruang dan Tempat untuk Kendaraan Rekreasi | D53: mencakup usaha penyediaan akomodasi sederhana dengan sistem bersama/shared accommodation yang biasanya dipakai untuk pelajar; pekerja; backpacker; atau tamu sementara; | E53: hostel;rumah singgah;dormitory;guest house sederhana;penginapan backpacker;akomodasi bersama;shared accommodation;asrama wisata;lodging house; | F53: menyediakan;mengelola;mengoperasikan;menyewakan;menyelenggarakan;menerima tamu;menyediakan tempat tinggal sementara; | G53: Mengacu ke KBLI;
A54: I | B54: 55901 | C54: Aktivitas Jasa Manajemen Akomodasi | D54: kegiatan usaha berupa pengelolaan operasional akomodasi milik pihak lain seperti hotel; villa; resort; homestay; glamping; atau apartemen harian. Perusahaan bertindak sebagai operator/manajemen dan menerima imbalan berupa management fee; | E54: Asrama;Dormitory;Student dormitory;Asrama mahasiswa;Asrama pelajar;Asrama pekerja;Asrama karyawan;Asrama atlet;Dorm;Mess karyawan;Mess pekerja;Boarding dormitory; | F54: jasa manajemen akomodasi;pengelolaan hotel;operator hotel;manajemen villa;pengelolaan resort;operator penginapan;hospitality management;management fee;pengelolaan operasional penginapan; | G54: Mengacu ke KBLI; | H54: Jasa akomodasi asrama;Jasa penginapan asrama;Jasa penyediaan tempat tinggal sementara;Jasa pengelolaan dormitori;Jasa akomodasi mahasiswa;Jasa akomodasi pekerja;
A55: I | B55: 55909 | C55: Penyediaan Akomodasi Lainnya YTDL | D55: kegiatan usaha penyediaan akomodasi sementara yang belum tercakup di KBLI akomodasi lainnya. Biasanya digunakan untuk:; | E55: Rumah kos;Kost;Boarding house;Co-living;Hunian bersama;Asrama pekerja;Mess karyawan;Worker dormitory;Student accommodation;Dormitory;Akomodasi pekerja;Akomodasi mahasiswa;Rumah sewa kamar; | F55: penyediaan akomodasi lainnya;rumah kos;coliving;communal living;asrama pekerja;asrama pelajar;dormitory;penginapan sementara;akomodasi pekerja musiman; | G55: Mengacu ke KBLI; | H55: Jasa penyewaan kamar kos;Jasa akomodasi asrama pekerja;Jasa pengelolaan mess karyawan;Jasa penyediaan coliving;Jasa akomodasi mahasiswa;Jasa penyediaan tempat tinggal sementara;
A56: I | B56: 56101 | C56: Aktivitas Penyediaan Makanan di Bangunan Tetap | D56: kegiatan usaha penyediaan makanan dan minuman yang dilakukan di bangunan permanen/tetap seperti restoran; rumah makan; cafe; kantin; dan restoran cepat saji. Konsumen bisa makan di tempat; takeaway; atau delivery.; | E56: Restoran;Rumah makan;Restaurant;Family restaurant;Restoran seafood;Restoran Padang;Restoran Sunda;Restoran cepat saji;Restoran Chinese food;Restoran Jepang;Restoran Korea;Dine in;Casual dining;Fine dining; | F56: menyediakan;mengelola;mengoperasikan;menyelenggarakan;memasak;menyajikan;menjual makanan dan minuman;melayani konsumen;menyediakan layanan restoran; | G56: Mengacu ke KBLI; | H56: restoran;rumah makan;cafe;kantin;kafetaria;restoran cepat saji;take away;dine in;food service;penyediaan makanan;
A57: I | B57: 56102 | C57: Aktivitas Penyediaan Makanan di Bangunan Tidak Tetap | D57: mencakup usaha penyediaan makanan dan minuman yang dilakukan di bangunan tidak permanen atau dapat dipindah-pindahkan; termasuk usaha makanan keliling seperti warung tenda; food truck; gerobak makanan; dan stan makanan; | E57: warung tenda;food truck;street food;gerobak makanan;stan makanan;makanan keliling;booth makanan;pop-up food stall;usaha makanan tidak permanen; | F57: menyediakan;mengelola;mengoperasikan;menyelenggarakan;menjual makanan;menyajikan makanan;melayani konsumen;berjualan makanan keliling;menyediakan layanan makanan siap saji; | G57: Mengacu ke KBLI; | H57: makanan siap saji;minuman siap konsumsi;layanan makanan keliling;makanan street food;layanan food truck;makanan bazar/event;makanan takeaway;
A58: I | B58: 56210 | C58: Jasa Boga untuk Suatu Event Tertentu (Event Catering) | D58: kegiatan usaha jasa penyediaan makanan dan minuman untuk acara tertentu (event) berdasarkan pesanan/kontrak; di mana makanan biasanya dikirim ke lokasi acara dan sering disertai pelayanan (pramusaji).; | E58: Catering;Katering;Jasa boga;Nasi kotak;Prasmanan;Buffet;Wedding catering;Event catering;Catering kantor;Catering seminar;Catering pesta;Catering hajatan;Paket konsumsi;Penyedia konsumsi acara; | F58: menyediakan;mengelola;mengoperasikan;menyajikan;menyiapkan;mendistribusikan;melayani;mengirimkan makanan;melaksanakan jasa catering; | G58: Mengacu ke KBLI; | H58: makanan siap saji untuk event;paket catering (prasmanan / box);minuman event;layanan penyajian makanan;layanan pramusaji (waiter event);logistik makanan ke lokasi acara;
A59: I | B59: 56290 | C59: Penyediaan Jasa Boga Lainnya / Periode Tertentu | D59: kegiatan usaha jasa katering berbasis kontrak atau perjanjian tertentu; biasanya untuk periode waktu tertentu atau lokasi tertentu seperti pabrik; kantor; proyek; rumah sakit; transportasi; dan fasilitas umum.; | E59: Kantin perusahaan;Kantin sekolah;Kantin rumah sakit;Industrial catering;Institutional catering;Food service;Catering karyawan;Catering pabrik;Catering pekerja;Mess catering;Penyedia konsumsi rutin;Pengelolaan kantin;Catering kontrak;Jasa makanan institusi; | F59: menyediakan;mengelola;mengoperasikan;menyelenggarakan;memasak;mendistribusikan;melayani;mengantarkan makanan;menjalankan jasa catering kontrak; | G59: Mengacu ke KBLI; | H59: ;Jasa penyediaan makanan berdasarkan kontrak;Jasa pengelolaan kantin;Jasa katering industri;Jasa katering institusi;Makanan siap santap untuk karyawan;Makanan siap santap untuk siswa;Makanan siap santap untuk pasien;Jasa food service management;
A60: I | B60: 56301 | C60: Aktivitas Bar | D60: kegiatan usaha bar; yaitu usaha penyediaan minuman (alkohol maupun non-alkohol) dan biasanya juga makanan ringan yang disajikan untuk konsumsi langsung di tempat.; | E60: Coffee shop;Kedai kopi;Cafe minuman;Kedai teh;Tea shop;Bubble tea;Boba;Milk tea;Juice bar;Jus buah;Minuman kekinian;Kopi susu;Espresso bar;Kedai minuman;Beverage shop; | F60: menyediakan;mengelola;mengoperasikan;menyajikan;menjual minuman;melayani pelanggan;menghidangkan minuman;menjalankan usaha bar; | G60: Mengacu ke KBLI; | H60: minuman siap saji (cocktail; juice; beer);layanan konsumsi di tempat (dinein beverage service);snack ringan pendamping minuman;pengalaman hiburan malam (entertainment service);pelayanan bartender;
A61: I | B61: 56302 | C61: Aktivitas Kelab Malam atau Diskotek yang Utamanya Menyediakan Minuman | D61: kegiatan usaha kelab malam (nightclub) atau diskotek; yaitu tempat hiburan malam yang fokus utama pada penyediaan minuman; disertai fasilitas musik; tarian; dan hiburan tambahan.; | E61: kelab malam (nightclub);diskotek;club / nightclub;tempat hiburan malam;dance club;lounge hiburan malam;live music club;entertainment bar (berbasis hiburan);penyediaan minuman utama + hiburan; | F61: menyediakan;mengelola;mengoperasikan;menyelenggarakan;menyajikan minuman;menyediakan hiburan malam;menjalankan usaha klub malam;mengadakan pertunjukan musik dan DJ;melayani konsumsi minuman di tempat; | G61: Mengacu ke KBLI; | H61: layanan hiburan malam;penjualan minuman (utama);akses tempat hiburan (entry/cover charge);pertunjukan DJ / musik live;layanan VIP / table service;pengalaman entertainment malam;
A62: I | B62: 56303 | C62: Aktivitas Rumah Minum / Kafe | D62: kegiatan usaha rumah minum atau kafe; yaitu usaha yang menyediakan minuman (dan biasanya makanan ringan) untuk dikonsumsi langsung di tempat; di bangunan permanen seperti cafe; coffee shop; dan sejenisnya.; | E62: rumah minum;kafe / cafe;coffee shop;beverage shop;tempat minum;kedai kopi modern;tea house / kedai teh;beverage bar (non-nightlife);tempat konsumsi minuman; | F62: menyediakan;mengelola;mengoperasikan;menyajikan;meracik minuman;melayani pelanggan;menjual minuman;menjalankan usaha kafe / coffee shop; | G62: Mengacu ke KBLI; | H62: minuman siap konsumsi (coffee; tea; juice);makanan ringan (pastry; snack);layanan dinein café;takeaway minuman;layanan barista / beverage service;
A63: I | B63: 56304 | C63: Aktivitas Kedai Minuman (Beverage Stand) | D63: kegiatan usaha kedai minuman / beverage stand; yaitu usaha yang menyediakan minuman siap konsumsi yang dibuat di tempat; biasanya dalam bentuk usaha kecil; booth; tenda; atau gerai sederhana (semi-mobile); | E63: kedai minuman;beverage stand;kios minuman;warung minuman;booth minuman;gerai minuman sederhana;minuman siap saji;coffee stand;juice stand;usaha minuman skala kecil;stand bisa dibongkar pasang atau dibawa pulang; | F63: menyediakan;menjual;mengelola;mengoperasikan;meracik minuman;menyajikan minuman;melayani pelanggan;menjalankan usaha kedai minuman; | G63: Mengacu ke KBLI; | H63: Minuman siap konsumsi;Teh siap minum;Jus buah segar;Bubble tea (boba);Smoothies;Minuman cokelat;Minuman sari buah;Minuman kesehatan;Minuman nonalkohol siap saji;
A64: I | B64: 56305 | C64: Aktivitas Rumah/Kedai Obat Bahan Alam | D64: usaha penyediaan dan penjualan minuman jamu / obat bahan alam yang disajikan langsung untuk konsumsi di tempat usaha seperti kedai jamu tradisional maupun modern.; | E64: Kedai jamu;Rumah jamu;Depot jamu;Jamu tradisional;Jamu herbal;Minuman herbal;Obat bahan alam;Kunyit asam;Beras kencur;Wedang jahe;Wedang rempah;Herbal drink;Traditional herbal beverage; | F64: menyediakan;mengelola;mengoperasikan;meracik;menyajikan;menjual;melayani;mengolah bahan herbal;menjalankan usaha kedai jamu; | G64: Mengacu ke KBLI; | H64: Minuman jamu siap konsumsi;Minuman herbal siap minum;Jamu tradisional;Minuman obat bahan alam;Minuman rempah;Jasa penyediaan minuman herbal;
A65: I | B65: 56306 | C65: Aktivitas Penyediaan Minuman Keliling atau di Tempat Tidak Tetap | D65: kegiatan usaha penyediaan minuman siap konsumsi yang dijual secara keliling atau di tempat tidak tetap (mobile/non-permanent).; | E65: Minuman keliling;Gerobak minuman;Booth minuman;Stand minuman;Food truck minuman;Es teh keliling;Es jeruk;Kopi keliling;Minuman bazar;Minuman festival;Kios minuman sementara;Mobile beverage;Portable beverage stall;stand dibawa keliling; | F65: menyediakan;menjual;mengelola;mengoperasikan;meracik;mengedarkan;berjualan keliling;menyajikan minuman;menjalankan usaha minuman mobile; | G65: Mengacu ke KBLI; | H65: minuman siap konsumsi;minuman tradisional / herbal;layanan penjualan keliling;minuman event sementara;produk minuman UMKM;
... A73: T | B73: 95101 | C73: Reparasi dan Pemeliharaan Komputer dan Peralatan Sejenisnya | D73: encakup kegiatan jasa reparasi; perbaikan; pemeliharaan; dan peningkatan kinerja komputer beserta peralatan pendukungnya. Kegiatan ini meliputi perbaikan perangkat keras (hardware); pemeliharaan rutin; penggantian komponen; instalasi perangkat pendukung; serta troubleshooting komputer dan perangkat sejenis.; | E73: Servis komputer;Reparasi komputer;Servis laptop;Perbaikan printer;Maintenance komputer;Teknisi komputer;Instalasi komputer;Troubleshooting;Hardware komputer;Server;Scanner;Monitor;Keyboard;Mouse;Hard disk;ATM;POS (Point of Sale); | F73: Memperbaiki;Mereparasi;Memelihara;Menginstal;Mengganti komponen;Menguji perangkat;Mengonfigurasi;Mendiagnosis kerusakan;Melakukan troubleshooting;Mengoptimalkan kinerja perangkat; | G73: Mengacu ke KBLI; | H73: Jasa reparasi komputer;Jasa servis laptop;Jasa pemeliharaan komputer;Jasa perbaikan printer;Jasa instalasi perangkat komputer;Jasa troubleshooting perangkat TI;Jasa pemeliharaan server;Jasa perbaikan perangkat pendukung komputer;
A74: T | B74: 95102 | C74: Reparasi dan Pemeliharaan Peralatan Komunikasi | D74: Mencakup kegiatan reparasi; perbaikan; dan pemeliharaan berbagai peralatan komunikasi; baik telekomunikasi nirkabel maupun kabel. Termasuk telepon seluler; tablet; modem; router; perangkat radio komunikasi; perangkat pemancar dan penerima radio; perangkat jaringan telekomunikasi; hingga peralatan transmisi komunikasi; | G74: Mengacu ke KBLI;
A75: T | B75: 95210 | C75: Reparasi dan Pemeliharaan Alat-alat Elektronik Konsumen | D75: Mencakup kegiatan jasa reparasi dan pemeliharaan alat elektronik konsumen; seperti televisi; radio penerima (termasuk pemasangan antena); pemutar audio dan video; kamera video rumah tangga; serta perangkat permainan video. KBLI ini tetap dipertahankan dalam KBLI 2025 dengan ruang lingkup yang sama.; | E75: Servis TV;Reparasi TV;Bengkel elektronik;Servis elektronik;Servis audio;Servis video;Servis speaker;Servis home theater;Servis radio;Servis DVD player;Servis Blu-ray player;Servis kamera video;Servis PlayStation;Servis Xbox;Servis game console;Pemasangan antena TV; | F75: Memperbaiki;Mereparasi;Memelihara;Menguji;Mengganti komponen;Menginstal;Mengkalibrasi;Mendiagnosis kerusakan;Melakukan troubleshooting;Merawat perangkat elektronik; | G75: Mengacu ke KBLI; | H75: Jasa reparasi televisi;Jasa servis radio;Jasa perbaikan perangkat audiovideo;Jasa servis home theater;Jasa perbaikan kamera video;Jasa reparasi konsol permainan video;Jasa pemasangan antena TV;Jasa pemeliharaan alat elektronik konsumen;
A76: T | B76: 95220 | C76: Reparasi dan Pemeliharaan Peralatan Rumah Tangga dan Peralatan Rumah dan Kebun | E76: Servis AC;Servis kulkas;Servis mesin cuci;Servis dispenser;Servis kompor;Servis blender;Servis mixer;Servis setrika;Servis vacuum cleaner;Bengkel elektronik rumah tangga;Jasa perbaikan peralatan rumah tangga;Maintenance AC;Teknisi AC;Teknisi kulkas;Teknisi mesin cuci;Servis alat rumah tangga; | G76: Mengacu ke KBLI; | H76: Jasa servis AC;Jasa perbaikan kulkas;Jasa servis mesin cuci;Jasa reparasi kompor;Jasa perbaikan dispenser;Jasa servis vacuum cleaner;Jasa pemeliharaan peralatan rumah tangga;Jasa reparasi peralatan rumah dan kebun;
A77: T | B77: 95230 | C77: Reparasi dan Pemeliharaan Alas Kaki dan Barang dari Kulit | E77: Servis sepatu;Reparasi sepatu;Tambal sepatu;Ganti sol sepatu;Ganti tumit sepatu;Servis tas;Reparasi tas;Servis koper;Reparasi koper;Barang kulit;Tas kulit;Dompet kulit;Tukang reparasi sepatu;Bengkel sepatu;Shoe repair;Leather repair; | G77: Mengacu ke KBLI; | H77: Jasa reparasi sepatu;Jasa servis tas;Jasa perbaikan koper;Jasa perbaikan sandal;Jasa reparasi barang kulit;Jasa penggantian sol sepatu;Jasa penggantian tumit sepatu;Jasa pemeliharaan barang kulit;
A78: T | B78: 95240 | C78: Reparasi dan Pemeliharaan Furnitur dan Perlengkapan Rumah | E78: Servis sofa;Reparasi sofa;Servis kursi;Reparasi kursi;Servis meja;Reparasi lemari;Perbaikan furnitur;Restorasi furnitur;Finishing furnitur;Poles furnitur;Ganti kain sofa;Perbaikan perabot rumah;Perbaikan perabot kantor;Tukang furnitur;Jasa perakitan furnitur; | F78: Memperbaiki;Mereparasi;Memelihara;Merestorasi;Melapisi ulang;Mengecat ulang;Memasang;Merakit;Mengganti komponen;Memulihkan kondisi furnitur; | G78: Mengacu ke KBLI; | H78: Jasa reparasi furnitur;Jasa servis sofa;Jasa perbaikan meja dan kursi;Jasa restorasi furnitur;Jasa finishing furnitur;Jasa perawatan perabot rumah tangga;Jasa perbaikan perabot kantor;Jasa perakitan furnitur;
A79: T | B79: 95291 | C79: Aktivitas Vermak Pakaian | D79: kegiatan vermak; alterasi; atau pengubahan pakaian yang melayani masyarakat umum dengan tujuan komersial. Kegiatan ini meliputi penyesuaian ukuran; perbaikan; dan modifikasi pakaian jadi sesuai kebutuhan pelanggan.; | E79: Vermak;Vermak pakaian;Alterasi pakaian;Permak baju;Permak celana;Jahit perbaikan;Perbaikan pakaian;Ganti resleting;Ganti kancing;Permak seragam;Modifikasi pakaian;Tukang vermak; | F79: Memperbaiki;Memvermak;Menjahit;Mengubah ukuran;Memodifikasi;Mengecilkan;Membesarkan;Memendekkan;Memanjangkan;Mengganti resleting;Mengganti kancing;Menyesuaikan pakaian; | G79: Mengacu ke KBLI; | H79: Jasa vermak pakaian;Jasa alterasi pakaian;Jasa perbaikan pakaian;Jasa modifikasi pakaian;Jasa penyesuaian ukuran pakaian;Jasa penggantian resleting dan kancing;
A80: T | B80: 95299 | C80: Reparasi dan Pemeliharaan Barang Keperluan Pribadi dan Perlengkapan Rumah Tangga Lainnya | D80: Mencakup kegiatan jasa reparasi dan pemeliharaan berbagai barang pribadi dan rumah tangga yang tidak diklasifikasikan pada kelompok lain. Termasuk reparasi sepeda; sepeda listrik; perhiasan; jam tangan; jam dinding; alat olahraga; buku; alat musik; mainan; barang pribadi lainnya; penyeteman piano; dan duplikasi kunci; | E80: Servis sepeda;Reparasi sepeda listrik;Bengkel sepeda;Duplikat kunci;Tukang kunci;Servis jam tangan;Reparasi jam;Servis perhiasan;Reparasi emas;Reparasi alat musik;Servis gitar;Setem piano;Reparasi mainan;Servis alat olahraga;Perbaikan buku;Reparasi barang pribadi; | F80: Memperbaiki;Mereparasi;Memelihara;Menyetem;Mengganti komponen;Mengelas;Menambal;Memoles;Mengubah (alterasi);Menduplikasi kunci;Merawat;Mengembalikan fungsi barang; | G80: Mengacu ke KBLI; | H80: Jasa reparasi sepeda;Jasa servis jam tangan;Jasa reparasi perhiasan;Jasa duplikasi kunci;Jasa perbaikan alat musik;Jasa penyeteman piano;Jasa reparasi alat olahraga;Jasa reparasi mainan;Jasa perbaikan barang pribadi;Jasa pemeliharaan perlengkapan rumah tangga lainnya;
A81: T | B81: 95311 | C81: Reparasi Mobil | D81: Mencakup kegiatan reparasi dan perawatan mobil; termasuk trailer dan semitrailer. Kegiatan yang termasuk antara lain reparasi mekanik; reparasi elektrik; reparasi sistem injeksi elektronik; servis rutin; reparasi bodi mobil; pengecatan; perbaikan kaca mobil; perbaikan jok; diagnosa sistem mekatronik; penggantian ban; pelapisan anti karat; serta pemasangan suku cadang dan aksesori mobil.; | E81: Bengkel mobil;Servis mobil;Reparasi mobil;Body repair;Cat mobil;Tune up;Ganti oli;Bengkel umum;Bengkel resmi;Servis AC mobil;Spooring;Balancing;Servis injeksi;Scanner mobil;Ganti ban;Perbaikan rem;Perbaikan transmisi;Auto service;Car workshop; | F81: Memperbaiki;Mereparasi;Memelihara;Menservis;Mendiagnosis;Mengganti komponen;Memasang aksesori;Mengecat;Menyetel;Menguji kendaraan;Melakukan tune up;Melakukan spooring;Melakukan balancing;Melakukan overhaul; | G81: Mengacu ke KBLI; | H81: Jasa reparasi mobil;Jasa servis mobil;Jasa perawatan kendaraan roda empat;Jasa body repair;Jasa pengecatan mobil;Jasa servis AC mobil;Jasa penggantian ban;Jasa perbaikan sistem kelistrikan mobil;Jasa perawatan mesin mobil;
A82: T | B82: 95312 | C82: Pencucian dan Salon Mobil | D82: Mencakup kegiatan pencucian mobil dan salon mobil; seperti pencucian; pembersihan interior; pemolesan (polishing); detailing; coating sederhana; serta pemasangan suku cadang dan aksesori yang bukan bagian dari proses manufaktur kendaraan; | E82: Car wash;Cuci mobil;Steam mobil;Salon mobil;Auto detailing;Poles mobil;Wax mobil;Coating mobil;Cuci kendaraan;Cuci interior mobil;Vacuum mobil;Nano coating;Auto spa;Car detailing;Car care;Cuci mesin mobil;Perawatan cat mobil; | F82: Mencuci;Membersihkan;Memoles;Menyemir;Melapisi;Merawat;Menyedot debu;Mengeringkan;Melakukan detailing;Memasang aksesori;Mengilapkan;Menjaga kebersihan kendaraan; | G82: Mengacu ke KBLI; | H82: Jasa pencucian mobil;Jasa salon mobil;Jasa detailing mobil;Jasa poles mobil;Jasa perawatan interior mobil;Jasa coating kendaraan;Jasa pembersihan kendaraan roda empat;Jasa pemasangan aksesori mobil ringan;
A83: T | B83: 95320 | C83: Reparasi dan Pemeliharaan Sepeda Motor | D83: Mencakup kegiatan reparasi; servis; dan pemeliharaan sepeda motor; baik sepeda motor konvensional maupun listrik. Termasuk perbaikan mesin; sistem kelistrikan; servis berkala; penggantian suku cadang; pencucian sederhana yang terkait dengan servis; serta pemasangan aksesori kendaraan bermotor roda dua; | E83: Bengkel motor;Servis motor;Reparasi motor;Tune up motor;Ganti oli motor;Bengkel resmi motor;Bengkel umum motor;Servis injeksi;Tambal ban motor;Ganti ban motor;Servis kelistrikan motor;Bengkel motor listrik;Overhaul mesin;Sparepart motor;Dealer servis motor; | F83: Memperbaiki;Mereparasi;Menservis;Memelihara;Mendiagnosis;Mengganti suku cadang;Mengganti oli;Menyetel;Menguji kendaraan;Melakukan tune up;Melakukan overhaul;Memasang aksesori; | G83: Mengacu ke KBLI; | H83: Jasa reparasi sepeda motor;Jasa servis sepeda motor;Jasa pemeliharaan sepeda motor;Jasa tune up motor;Jasa servis injeksi;Jasa perbaikan kelistrikan motor;Jasa penggantian suku cadang motor;Jasa perawatan motor listrik;
A84: T | B84: 95400 | C84: Reparasi dan Pemeliharaan Peralatan Transportasi Lainnya | D84: Mencakup kegiatan reparasi dan pemeliharaan alat transportasi selain mobil dan sepeda motor. Termasuk reparasi dan perawatan sepeda; becak; gerobak; kereta dorong; kursi roda; kendaraan tidak bermotor lainnya; serta peralatan transportasi sejenis; | E84: Bengkel sepeda;Servis sepeda;Reparasi sepeda;Servis sepeda listrik;Bengkel sepeda listrik;Perbaikan becak;Reparasi gerobak;Servis kursi roda;Perbaikan troli;Bengkel kendaraan tidak bermotor;Ganti ban sepeda;Servis rem sepeda;Servis gir sepeda;Workshop sepeda; | F84: Memperbaiki;Mereparasi;Memelihara;Menyetel;Mengganti komponen;Mengelas;Merakit;Membongkar;Memasang;Menguji fungsi peralatan;Merawat;Mengembalikan fungsi alat transportasi; | G84: Mengacu ke KBLI; | H84: Jasa reparasi sepeda;Jasa servis sepeda listrik;Jasa perbaikan becak;Jasa reparasi kursi roda;Jasa perbaikan gerobak;Jasa pemeliharaan alat transportasi tidak bermotor;Jasa penggantian komponen sepeda;Jasa servis peralatan transportasi lainnya;
A85: T | B85: 96100 | C85: Aktivitas Jasa Perorangan untuk Kebugaran | D85: Mencakup kegiatan jasa perorangan yang bertujuan untuk menjaga kebugaran; kesehatan; dan penampilan fisik. Kegiatan ini dilakukan oleh individu atau penyedia jasa yang memberikan layanan kebugaran secara langsung kepada pelanggan; baik di pusat kebugaran maupun secara mandiri.; | E85: Personal trainer;Fitness trainer;Pelatih kebugaran;Instruktur senam;Instruktur yoga;Instruktur pilates;Fitness coaching;Body fitness;Program kebugaran;Pelatih fisik;Gym trainer;Konsultan kebugaran;Aerobik;Zumba;Kebugaran jasmani; | F85: Melatih;Membimbing;Mendampingi;Mengarahkan;Menginstruksikan;Mengembangkan program latihan;Mengevaluasi kebugaran;Mengawasi latihan;Memberikan konsultasi kebugaran;Meningkatkan kebugaran fisik; | G85: Mengacu ke KBLI; | H85: Jasa pelatihan kebugaran;Jasa personal trainer;Jasa instruktur senam;Jasa instruktur yoga;Jasa instruktur pilates;Jasa konsultasi kebugaran;Jasa pendampingan latihan fisik;Jasa pembinaan kebugaran;
A86: T | B86: 96210 | C86: Aktivitas Pencucian dan Dry Cleaning Tekstil dan Produk Tekstil | D86: Mencakup kegiatan pencucian; dry cleaning; penyetrikaan; dan layanan sejenis untuk semua jenis pakaian; tekstil; dan produk tekstil. Kegiatan ini dapat dilakukan dengan mesin; secara manual; atau menggunakan mesin yang dioperasikan sendiri oleh pelanggan (self-service laundry). Termasuk layanan laundry hotel; restoran; rumah sakit; dan pelanggan rumah tangga.; | E86: Personal trainer;Fitness trainer;Pelatih kebugaran;Instruktur senam;Instruktur yoga;Instruktur pilates;Fitness coaching;Body fitness;Program kebugaran;Pelatih fisik;Gym trainer;Konsultan kebugaran;Aerobik;Zumba;Kebugaran jasmani; | F86: Mencuci;Membersihkan;Melaundry;Melakukan dry cleaning;Menyetrika;Mengeringkan;Melipat;Menghilangkan noda;Merawat tekstil;Mengemas pakaian hasil laundry; | G86: Mengacu ke KBLI; | H86: Jasa pelatihan kebugaran;Jasa personal trainer;Jasa instruktur senam;Jasa instruktur yoga;Jasa instruktur pilates;Jasa konsultasi kebugaran;Jasa pendampingan latihan fisik;Jasa pembinaan kebugaran;
A87: T | B87: 96220 | C87: Aktivitas Perawatan dan Pemeliharaan Hewan | D87: Mencakup kegiatan perawatan dan pemeliharaan hewan peliharaan yang dilakukan bukan oleh dokter hewan. Kegiatan ini meliputi memandikan; mencukur bulu; merapikan kuku; penitipan hewan; pelatihan dasar hewan peliharaan; serta layanan perawatan hewan lainnya untuk tujuan kebersihan; kenyamanan; dan kesejahteraan hewan.; | E87: Pet grooming;Grooming kucing;Grooming anjing;Salon hewan;Pet care;Pet hotel;Pet boarding;Penitipan hewan;Pet day care;Perawatan hewan;Pelatihan anjing;Pet training;Mandi kucing;Mandi anjing;Potong bulu hewan;Salon kucing;Salon anjing; | F87: Merawat;Memandikan;Membersihkan;Mencukur;Menyisir;Memotong kuku;Menitipkan;Memelihara;Melatih;Mendampingi;Mengurus;Menjaga kesehatan dan kebersihan hewan; | G87: Mengacu ke KBLI; | H87: Jasa grooming hewan;Jasa penitipan hewan;Jasa perawatan hewan peliharaan;Jasa pelatihan hewan peliharaan;Jasa pet day care;Jasa pet hotel;Jasa kebersihan hewan peliharaan;Jasa pemeliharaan hewan peliharaan;
A88: T | B88: 96230 | C88: Aktivitas Pemakaman dan Kegiatan yang Berhubungan dengan Itu | D88: Mencakup kegiatan pemakaman dan kremasi jenazah manusia maupun hewan; serta kegiatan yang berkaitan dengan penyelenggaraan pemakaman. Termasuk pengelolaan dan pemeliharaan tempat pemakaman; penyediaan jasa penguburan; krematorium; penyewaan tempat makam; dan jasa pendukung pemakaman lainnya.; | E88: Pemakaman;TPU (Tempat Pemakaman Umum);Taman makam;Krematorium;Kremasi;Pengurusan jenazah;Penguburan;Makam;Pemeliharaan makam;Pemindahan makam;Mobil jenazah;Rumah duka;Funeral service;Funeral home;Pemakaman hewan; | F88: Menguburkan;Mengkremasi;Mengelola;Memelihara;Menyelenggarakan;Menyediakan;Mengurus;Memindahkan makam;Membersihkan makam;Merawat area pemakaman;Mengangkut jenazah; | G88: Mengacu ke KBLI; | H88: Jasa pemakaman;Jasa kremasi;Jasa pengelolaan pemakaman;Jasa pemeliharaan makam;Jasa pengangkutan jenazah;Jasa penyelenggaraan pemakaman;Jasa penyediaan lahan makam;Jasa pemakaman hewan;
A89: T | B89: 96300 | C89: Aktivitas Jasa Perorangan Lainnya | D89: Mencakup berbagai aktivitas jasa perorangan yang tidak dapat diklasifikasikan pada kelompok KBLI lainnya. Kegiatan ini umumnya berupa jasa yang diberikan secara langsung kepada individu untuk memenuhi kebutuhan pribadi; sosial; atau rumah tangga.; | E89: Tattoo studio;Tattoo artist;Tato;Body piercing;Tindik;Fortune teller;Peramal;Astrologi;Horoskop;Biro jodoh;Matchmaking service;Semir sepatu;Genealogi;Jasa pribadi;Personal service; | F89: Memberikan layanan;Melayani;Menato;Menindik;Meramal;Mengkonsultasikan;Mendampingi;Menyemir;Menelusuri;Menyusun;Membantu kebutuhan pribadi pelanggan; | G89: Mengacu ke KBLI; | H89: Jasa tato;Jasa tindik;Jasa peramalan;Jasa astrologi;Jasa biro jodoh;Jasa semir sepatu;Jasa pendamping pribadi;Jasa penyusunan silsilah keluarga;Jasa perorangan lainnya;
A90: T | B90: 96400 | C90: Aktivitas Rumah Tangga Sebagai Pemberi Kerja dari Personel Domestik | D90: Mencakup kegiatan rumah tangga yang mempekerjakan personel domestik untuk memenuhi kebutuhan rumah tangga. Personel domestik tersebut bekerja langsung pada rumah tangga sebagai pemberi kerja dan menghasilkan jasa untuk konsumsi rumah tangga itu sendiri; bukan untuk dijual atau diperdagangkan.; | E90: Intermediasi jasa;Agen penyalur ART;Penyalur baby sitter;Penyalur sopir;Marketplace jasa rumah tangga;Platform jasa perorangan;Personal service platform;Home service platform;Matching service;Agen tenaga domestik;Platform guru privat;Platform pengasuh lansia; | F90: Mempekerjakan;Mengupah;Mengontrak;Menugaskan;Mengelola tenaga domestik;Memberikan pekerjaan;Menyediakan pekerjaan rumah tangga;Mengawasi pekerjaan domestik; | G90: Mengacu ke KBLI; | H90: Jasa asisten rumah tangga;Jasa pengasuh anak;Jasa sopir pribadi;Jasa tukang kebun rumah tangga;Jasa penjaga rumah;Jasa juru masak rumah tangga;Jasa perawatan lansia di rumah;Jasa personel domestik lainnya;
A91: T | B91: 96900 | C91: Aktivitas Jasa Perorangan Lainnya YTDL (Yang Tidak Dapat Diklasifikasikan di Tempat Lain) | D91: Mencakup berbagai aktivitas jasa perorangan yang tidak termasuk dalam kelompok KBLI lainnya. Kelompok ini menjadi tempat klasifikasi bagi jasa-jasa pribadi yang bersifat khusus dan tidak dapat dimasukkan ke kategori jasa perorangan yang sudah ada.; | E91: Personal assistant;Concierge service;Jasa pendamping pribadi;Jasa pengurusan dokumen;Jasa administrasi pribadi;Lifestyle service;Personal service;Jasa bantuan pribadi;Jasa konsultasi etiket;Jasa perorangan lainnya; | F91: Melayani;Membantu;Mendampingi;Mengurus;Menyelenggarakan;Mengelola;Memfasilitasi;Memberikan konsultasi;Menyediakan layanan;Mengoordinasikan; | G91: Mengacu ke KBLI; | H91: Jasa pendampingan pribadi;Jasa pengurusan administrasi pribadi;Jasa asisten pribadi;Jasa concierge;Jasa konsultasi etiket;Jasa layanan perorangan lainnya;
A92: J | B92: 58110 | C92: PENERBITAN BUKU | D92: Semua bentuk penerbitan buku baik fisik tercetak maupun digital. Bukan untuk material periklanan (masuk ke 5819). Bukan buku lembaran musik (masuk ke 5920). Bukan surat kabar (masuk ke 5812). Tidak termasuk juga; Jika murni distribusi & streaming audio (6010) atau vidio (6020);;Kantor Jakarta Erlangga → naskah diedit; dicetak; diterbitkan → 58110;Kantor Pekanbaru Erlangga → terima order; kirim buku ke sekolah → 46491;;Brosur di sini adalah brosur yang sifatnya seperti buku. Contohnya brosur/buklet panduan kesehatan yang diterbitkan kemenkes; | E92: Penerbitan; buku; | F92: Menerbitkan dan mencetak; | H92: buku; brosur/booklet ilmiah/edukasi; kamus; ensiklopedia; atlas; peta; grafik; buku elektronik; ebook; ebook; komik; novel; buku audio audio book;
A93: J | B93: 58120 | C93: PENERBITAN SURAT KABAR | D93: Aktivitas penerbitan surat kabar; surat kabar iklan; baik fisik tercetak maupun digital. Bukan aktivitas jurnalis foto (7420) atau jurnalis biasa yang independen (9011). TIDAK TERMASUK jika hanya mencetak flyer promo dan katalog yang isinya dihandle oleh brand atau toko.; | E93: Surat kabar; surat kabar iklan; | F93: menerbitkan surat kabar iklan; menerbitkan surat kabar; menerbitkan dan mengelola portal berita online; | H93: koran; majalah; baliho iklan; reklame iklan; iklan; portal berita online; katalog; selebaran promosi indomaret;
A94: J | B94: 58130 | C94: PENERBITAN JURNAL DAN TERBITAN BERKALA | D94: Aktivitas penerbitan jurnal dan terbitan berkala lainnya; aktivitas penerbitan jadwal siaran radio dan televisi; “terbit berkala; bukan buku tunggal dan bukan koran harian.” ;;Penerbitan jurnal oleh kampus; biasanya melekat pada KBLI Kampusnya (silakan dipastikan lagi dengan pihak perguruan tinggi nya); | E94: penerbit jurnal ilmiah; jadwal siaran; siaran; majalah; buletin; tabloid? jurnal universitas; | F94: menerbitkan jurnal; menerbitkan jadwal siaran; | H94: apakah jurnal ilmiah maksudnya??;
A95: J | B95: 58190 | C95: AKTIVITAS PENERBITAN LAINNYA | D95: Aktivitas penerbitan lainnya baik fisik tercetak maupun digital; ukiran di sini bukat aktivitas pemahat; | E95: cetak; foto; ukiran; formulir; kalender; selebaran; | F95: menerbitkan buku telepon; mencetak foto; mencetak poster; mencetak ukiran; mencetak kalender; membuat piala masuk 32909 (industri); | H95: direktori; mailing list; buku telepon; katalog; foto; ukiran; kartu pos; kalender; formulir; poster; reproduksi karya seni' selebaran/ leaflet yang tidak dijilid dan bukan material iklan; kumpulan data; undangan;
A96: J | B96: 58211 | C96: PENERBITAN PERANGKAT LUNAK VIDEO GIM DALAM JARINGAN (GAME | D96: Ekosistem hiburan interaktif. Game nya harus ONLINE untuk dimainkan atau mengakses sebagian besar permainannya. umumnya diterbitkan di web; playstore; atau appstore; khusus penerbitan; bukan programernya;;Fokusnya bukan hanya membuat game; tetapi:;;menerbitkan;;mendistribusikan;;memasarkan;;menjual;;atau menjadi publisher game.; | E96: game online; gim dalam jaringan; | F96: jasa intermediasi untuk penerbitan perangkat lunak vidio gim daring;;membuat vidio gim; menyediakan fitur pembelian; membuat fitur pembelian; | H96: game online; gim dalam jaringan;
A97: J | B97: 58219 | C97: PENERBITAN PERANGKAT LUNAK VIDEO GIM LAINNYA | D97: Gim dimainkan secara OFFLINE. khusus penerbitan; bukan programernya;;KBLI 58219 dipakai oleh perusahaan yang berbisnis menerbitkan dan mendistribusikan video game; termasuk game offline dan publisher game digital.;
A98: J | B98: 58290 | C98: PENERBITAN PERANGKAT LUNAK (SOFTWARE) LAINNYA | D98: Ekosistem bisnis; sains; dan frontier technology; INOVASI PENERBIT SOFTWARE NON GAMING; khusus penerbitan; bukan programernya;
A99: J | B99: 59111 | C99: AKTIVITAS PRODUKSI FILM, VIDEO, DAN PROGRAM TELEVISI OLEH PEMERINTAH | D99: DIKELOLA PEMERINTAH. khusus produk film; video; karya audiovisual; dan program televisi (bagian dari program pada saluran tv). Bukan penggandaan (menjual cd; dvd; atau media fisik lainnya = masuk ke 1820); Bukan reproduksi film untuk didistribusikan di bioskop (masuk ke 5912); Bukan pembuatan program saluran tv lengkap (masuk 5920); | E99: film;video; program tv; vlog; podcast; iklan; berita; pemerintah; | F99: membuat film/ gambar bergerak 2D dan 3D; memproduksi film/ gambar bergerak 2D dan 3D; menyediakan jasa pengiriman film; mengelola agen pembukan fil;;;pembuatan atau produksi gambar bergerak (2D maupun 3D); JASA PENGIRIMAN FILM; AGEN PEMBUKUAN FILM; | H99: film;video; program tv; vlog; podcast; iklan; berita;
A100: J | B100: 59112 | C100: AKTIVITAS PRODUKSI FILM, VIDEO, DAN PROGRAM TELEVISI OLEH SWASTA | D100: DIKELOLA SWASTA/PRIBADI. khusus produk film; video; karya audiovisual; dan program televisi (bagian dari program pada saluran tv). Bukan penggandaan (menjual cd; dvd; atau media fisik lainnya = masuk ke 1820); Bukan reproduksi film untuk didistribusikan di bioskop (masuk ke 5912); Bukan pembuatan program saluran tv lengkap (masuk 5920). agensi kreatif konten pendek sosmed; apakah influencer nya usdah harus terima endorse atau ada penghasilannya? affiliate marketing sepertinya masuk 60390; | E100: film;video; program tv; vlog; podcast; iklan; berita; pemerintah; | F100: industri koreator konten dan produksi media; pembuatan atau produksi gambar bergerak (2D maupun 3D); JASA PENGIRIMAN FILM; AGEN PEMBUKUAN FILM; agensi kreatif yang membantu pembuatan konten; biasanya untuk branding; atau sosmed management; animator bisa untuk fim bisa untuk vidio; perusahaan yang memproduksi konten beda klasifikasinya dengan platform yang menayangkannya; production house; | H100: film;video; program tv; vlog; podcast; iklan; berita;
A101: J | B101: 59121 | C101: AKTIVITAS PASCAPRODUKSI FILM, VIDEO, DAN PROGRAM TELEVISI PEMERINTAH | D101: program tv pemerintah. melakukan kegiatan pascaproduksi film; video; karya audiovisual; dan program tv; TERMASUK kegiatan studio film yang menyiapkan film dan reproduksi untuk distribusi ke bioskop; | E101: program televisi pemerintah; aktivitas pascaproduksi; | F101: Melakukan editing; Melakukan cutting; Dubbing; titling; dan credit film; closed captioning; animasi dan special effects; transfer film atau tape; melakukan konversi ke format video streaming; Melakukan penyensoran film;
A102: J | B102: 59122 | C102: AKTIVITAS PASCAPRODUKSI FILM, VIDEO, DAN PROGRAM TELEVISI SWASTA | D102: program tv swasta. melakukan kegiatan pascaproduksi film; video; karya audiovisual; dan program tv; TERMASUK kegiatan studio film yang menyiapkan film dan reproduksi untuk distribusi ke bioskop; | E102: program televisi swasta; aktivitas pascaproduksi; | F102: Melakukan editing; Melakukan cutting; Dubbing; titling; dan credit film; closed captioning; animasi dan special effects; transfer film atau tape; melakukan konversi ke format video streaming; Melakukan penyensoran film;
A103: J | B103: 59131 | C103: AKTIVITAS DISTRIBUSI FILM, VIDEO, DAN PROGRAM TELEVISI OLEH PEMERINTAH | D103: kegiatan yang dikelola pemerintah; | F103: melakukan pendistribusian film; video; atau karya audiovisual; memproduksi karya sejenis untuk bioskop gambar bergerak; film layar lebar; pameran.;
A104: J | B104: 59132 | C104: AKTIVITAS DISTRIBUSI FILM, VIDEO. DAN PROGRAM TELEVISI OLEH SWASTA | D104: suplier film; distributor film; pemegang hak edar; penyalur film ke bioskop; | E104: distribusi film; | F104: melakukan pendistribusian film; video; atau karya audiovisual; memproduksi karya sejenis untuk bioskop gambar bergerak; film layar lebar; pameran.;
A105: J | B105: 59140 | C105: AKTIVITAS PEMUTARAN FILM | D105: pemutaran film atau karya audiovisual di bioskop; ruang terbuka; atau lainnya; pemutaran film di festival pemerintah atau swasta; layar tancap; filmnya milik siapa? bukan penyedia layar nya kan?; | E105: pemutaran film; | F105: pemutaran film; pemutaran film pada acara festival; menayangkan film ke penonton; | H105: bioskop; layar tancap;
A106: J | B106: 59201 | C106: AKTIVITAS PEREKAMAN SUARA | D106: studio rekaman khusus audio; tidak termasuk gambar bergerak; | F106: pembuatan master rekaman suara asli; jasa perekam suara; jasa rekam audio untuk radio non live; siniar; film ; tv; buku; media lain; | H106: jasa rekaman; studi rekaman;
A107: J | B107: 59202 | C107: AKTIVITAS PENERBITAN MUSIK DAN BUKU MUSIK | D107: penerbitan musik; buku musik; pendaftaran hak cipta untuk musik; promosi dan pemberian izin penggunaan musik; | F107: penerbitan musik; label musik; pengurusan hak cipta lagu; pemberian izin penggunaan musik; | H107: musik; buku musik; hak cipta lagu; partitur lagu;
A108: J | B108: 60101 | C108: AKTIVITAS PENYIARAN RADIO ANALOG | D108: platform distribusi dan penyiaran suara; bukan on demand; tidak ada interaksi dari pengguna atau pendengar; program sudah terjadwal dan tidak bisa diulang oleh pendengar; | E108: linier; satu arah;
A109: J | B109: 60102 | C109: AKTIVITAS PENYIARAN RADIO DIGITAL | D109: radio : pendengar tidak bisa memilih siaran; jasa penyiaran radio menggunakan sinyal digital; | E109: siaran radio digital;
A110: J | B110: 60103 | C110: AKTIVITAS DISTRIBUSI DAN STREAMING AUDIO ATAS PERMINTAAN | D110: pengguna memilih trek/podcast sendiri; bisa langganan premium; ada iklan audio digital; tayangan sudah dikurasi oleh penyedia; | E110: audio; atas permintaan; | F110: platform penyedia streaming audio atas permintaan; | H110: siaran audio;
A111: J | B111: 60201 | C111: AKTIVITAS PENYIARAN DAN PEMROGRAMAN TELEVISI ANALOG | D111: saluran tv analog; stasiun tv; program sudah terjadwal dan tidak bisa diulang oleh penonton;
A112: J | B112: 60202 | C112: AKTIVITAS PEMROGRAMAN DAN PENYIARAN TELEVISI DIGITAL | D112: saluran tv digital; kualitas gambar lebih jernih; stasiun tv digital; ditangkap via set top box; saluran tv digital berbayar;
A113: J | B113: 60203 | C113: AKTIVITAS DISTRIBUSI DAN STREAMING VIDEO ATAS PERMINTAAN | D113: tayangan sudah dikurasi oleh penyedia; | F113: platform penyedia streaming audio atas permintaan; | H113: siaran video;
